-- Populate roc movies database for testing

-- producers
INSERT INTO rocmovies.productors (id, name) VALUES (1, 'Producer 1');
INSERT INTO rocmovies.productors (id, name) VALUES (2, 'Producer 2');
INSERT INTO rocmovies.productors (id, name) VALUES (3, 'Producer 3');
INSERT INTO rocmovies.productors (id, name) VALUES (4, 'Producer 4');
INSERT INTO rocmovies.productors (id, name) VALUES (5, 'Producer 5');
INSERT INTO rocmovies.productors (id, name) VALUES (6, 'Producer 6');
INSERT INTO rocmovies.productors (id, name) VALUES (7, 'Producer 7');
INSERT INTO rocmovies.productors (id, name) VALUES (8, 'Producer 8');
INSERT INTO rocmovies.productors (id, name) VALUES (9, 'Producer 9');
INSERT INTO rocmovies.productors (id, name) VALUES (10, 'Producer 10');

-- styles
INSERT INTO rocmovies.styles (id, name) VALUES (1, 'ACTION');
INSERT INTO rocmovies.styles (id, name) VALUES (2, 'COMEDY');
INSERT INTO rocmovies.styles (id, name) VALUES (3, 'DRAMA');
INSERT INTO rocmovies.styles (id, name) VALUES (4, 'SF');
INSERT INTO rocmovies.styles (id, name) VALUES (5, 'HORROR');
INSERT INTO rocmovies.styles (id, name) VALUES (6, 'DOCUMENTARY');
INSERT INTO rocmovies.styles (id, name) VALUES (7, 'ROMANCE');
INSERT INTO rocmovies.styles (id, name) VALUES (8, 'THRILLER');
INSERT INTO rocmovies.styles (id, name) VALUES (9, 'FANTASY');
INSERT INTO rocmovies.styles (id, name) VALUES (10, 'CRIME');
INSERT INTO rocmovies.styles (id, name) VALUES (11, 'ANIMATION');
INSERT INTO rocmovies.styles (id, name) VALUES (12, 'MYSTERY');

-- actors
INSERT INTO rocmovies.actors (id, birthdate, firstname, lastname) VALUES (1, '1987-05-08 07:08:47.107473', 'Patricia', 'Smith');
INSERT INTO rocmovies.actors (id, birthdate, firstname, lastname) VALUES (2, '1977-07-02 00:05:13.243962', 'Sarah', 'Williams');
INSERT INTO rocmovies.actors (id, birthdate, firstname, lastname) VALUES (3, '1941-09-07 22:41:44.571412', 'Thomas', 'White');
INSERT INTO rocmovies.actors (id, birthdate, firstname, lastname) VALUES (4, '1968-10-09 00:48:51.167414', 'Susan', 'Garcia');
INSERT INTO rocmovies.actors (id, birthdate, firstname, lastname) VALUES (5, '1957-03-07 10:06:05.398382', 'Susan', 'Martinez');
INSERT INTO rocmovies.actors (id, birthdate, firstname, lastname) VALUES (6, '1994-06-20 08:51:02.765179', 'Patricia', 'Anderson');
INSERT INTO rocmovies.actors (id, birthdate, firstname, lastname) VALUES (7, '1947-07-03 17:18:53.659176', 'Joseph', 'Jackson');
INSERT INTO rocmovies.actors (id, birthdate, firstname, lastname) VALUES (8, '1976-04-23 02:02:42.238968', 'Karen', 'Anderson');
INSERT INTO rocmovies.actors (id, birthdate, firstname, lastname) VALUES (9, '1994-04-28 03:24:17.475435', 'Elizabeth', 'Williams');
INSERT INTO rocmovies.actors (id, birthdate, firstname, lastname) VALUES (10, '1963-06-07 21:17:44.982153', 'Barbara', 'Miller');
INSERT INTO rocmovies.actors (id, birthdate, firstname, lastname) VALUES (11, '1980-03-18 23:15:10.484714', 'John', 'White');
INSERT INTO rocmovies.actors (id, birthdate, firstname, lastname) VALUES (12, '1999-11-23 17:14:43.340035', 'Richard', 'Rodriguez');
INSERT INTO rocmovies.actors (id, birthdate, firstname, lastname) VALUES (13, '1992-01-26 10:25:17.069403', 'Mary', 'Garcia');
INSERT INTO rocmovies.actors (id, birthdate, firstname, lastname) VALUES (14, '1996-12-11 06:41:31.414850', 'Michael', 'Thompson');
INSERT INTO rocmovies.actors (id, birthdate, firstname, lastname) VALUES (15, '1956-03-08 23:35:34.275504', 'Joseph', 'Jones');
INSERT INTO rocmovies.actors (id, birthdate, firstname, lastname) VALUES (16, '1997-10-13 11:14:08.534277', 'Charles', 'Thomas');
INSERT INTO rocmovies.actors (id, birthdate, firstname, lastname) VALUES (17, '1988-01-28 03:09:40.167753', 'Jessica', 'Williams');
INSERT INTO rocmovies.actors (id, birthdate, firstname, lastname) VALUES (18, '1944-07-13 19:29:33.263626', 'Susan', 'White');
INSERT INTO rocmovies.actors (id, birthdate, firstname, lastname) VALUES (19, '1983-12-04 21:56:34.787352', 'Sarah', 'Smith');
INSERT INTO rocmovies.actors (id, birthdate, firstname, lastname) VALUES (20, '1947-05-14 05:29:00.757168', 'William', 'Martinez');
INSERT INTO rocmovies.actors (id, birthdate, firstname, lastname) VALUES (21, '1988-03-17 03:55:40.312942', 'William', 'Martin');
INSERT INTO rocmovies.actors (id, birthdate, firstname, lastname) VALUES (22, '1952-03-12 05:34:49.967242', 'Thomas', 'White');
INSERT INTO rocmovies.actors (id, birthdate, firstname, lastname) VALUES (23, '1978-06-16 00:07:59.380612', 'Thomas', 'Smith');
INSERT INTO rocmovies.actors (id, birthdate, firstname, lastname) VALUES (24, '1943-04-19 02:05:46.509597', 'Elizabeth', 'Garcia');
INSERT INTO rocmovies.actors (id, birthdate, firstname, lastname) VALUES (25, '1989-03-05 21:30:35.173148', 'John', 'Jackson');
INSERT INTO rocmovies.actors (id, birthdate, firstname, lastname) VALUES (26, '1995-10-14 06:59:34.791952', 'William', 'Martin');
INSERT INTO rocmovies.actors (id, birthdate, firstname, lastname) VALUES (27, '1965-11-21 11:28:57.542717', 'Michael', 'Wilson');
INSERT INTO rocmovies.actors (id, birthdate, firstname, lastname) VALUES (28, '1955-04-03 10:01:37.580828', 'Joseph', 'Brown');
INSERT INTO rocmovies.actors (id, birthdate, firstname, lastname) VALUES (29, '1954-01-03 22:40:03.240062', 'Linda', 'Thompson');
INSERT INTO rocmovies.actors (id, birthdate, firstname, lastname) VALUES (30, '1995-06-03 16:15:17.701474', 'John', 'Johnson');
INSERT INTO rocmovies.actors (id, birthdate, firstname, lastname) VALUES (31, '1974-03-24 18:36:30.254801', 'Jessica', 'Davis');
INSERT INTO rocmovies.actors (id, birthdate, firstname, lastname) VALUES (32, '1952-02-04 21:27:22.444154', 'Jessica', 'Thomas');
INSERT INTO rocmovies.actors (id, birthdate, firstname, lastname) VALUES (33, '1995-12-02 21:41:41.103198', 'Susan', 'Hernandez');
INSERT INTO rocmovies.actors (id, birthdate, firstname, lastname) VALUES (34, '1986-06-26 03:15:12.199448', 'Mary', 'Taylor');
INSERT INTO rocmovies.actors (id, birthdate, firstname, lastname) VALUES (35, '1948-07-06 08:29:15.916964', 'Sarah', 'Hernandez');
INSERT INTO rocmovies.actors (id, birthdate, firstname, lastname) VALUES (36, '1991-09-04 01:41:34.876638', 'John', 'Hernandez');
INSERT INTO rocmovies.actors (id, birthdate, firstname, lastname) VALUES (37, '1999-04-06 13:31:30.224130', 'James', 'Williams');
INSERT INTO rocmovies.actors (id, birthdate, firstname, lastname) VALUES (38, '1950-07-01 12:16:59.822157', 'Richard', 'Johnson');
INSERT INTO rocmovies.actors (id, birthdate, firstname, lastname) VALUES (39, '1967-12-24 17:42:45.510311', 'Joseph', 'Wilson');
INSERT INTO rocmovies.actors (id, birthdate, firstname, lastname) VALUES (40, '1958-04-02 18:47:34.063918', 'Robert', 'Davis');
INSERT INTO rocmovies.actors (id, birthdate, firstname, lastname) VALUES (41, '1943-10-16 16:58:54.556926', 'David', 'Johnson');
INSERT INTO rocmovies.actors (id, birthdate, firstname, lastname) VALUES (42, '1972-02-28 05:04:38.071262', 'Jennifer', 'Johnson');
INSERT INTO rocmovies.actors (id, birthdate, firstname, lastname) VALUES (43, '1947-10-08 18:38:02.649468', 'Linda', 'Taylor');
INSERT INTO rocmovies.actors (id, birthdate, firstname, lastname) VALUES (44, '1982-10-19 16:20:59.273432', 'John', 'Thomas');
INSERT INTO rocmovies.actors (id, birthdate, firstname, lastname) VALUES (45, '1955-05-13 04:42:41.314569', 'Michael', 'Martinez');
INSERT INTO rocmovies.actors (id, birthdate, firstname, lastname) VALUES (46, '1999-02-01 14:39:36.104837', 'Joseph', 'Martinez');
INSERT INTO rocmovies.actors (id, birthdate, firstname, lastname) VALUES (47, '1953-09-09 04:59:22.923653', 'John', 'Jackson');
INSERT INTO rocmovies.actors (id, birthdate, firstname, lastname) VALUES (48, '1963-05-06 14:53:34.737715', 'John', 'Garcia');
INSERT INTO rocmovies.actors (id, birthdate, firstname, lastname) VALUES (49, '1991-11-17 00:42:52.581542', 'Elizabeth', 'White');
INSERT INTO rocmovies.actors (id, birthdate, firstname, lastname) VALUES (50, '2000-03-09 03:56:06.778480', 'Elizabeth', 'Brown');
INSERT INTO rocmovies.actors (id, birthdate, firstname, lastname) VALUES (51, '1957-05-20 06:45:21.213487', 'Sarah', 'Jones');
INSERT INTO rocmovies.actors (id, birthdate, firstname, lastname) VALUES (52, '1971-05-28 01:05:40.444151', 'William', 'Martin');
INSERT INTO rocmovies.actors (id, birthdate, firstname, lastname) VALUES (53, '1940-06-25 04:40:16.169430', 'William', 'Johnson');
INSERT INTO rocmovies.actors (id, birthdate, firstname, lastname) VALUES (54, '1985-07-18 00:07:04.990957', 'Joseph', 'Jackson');
INSERT INTO rocmovies.actors (id, birthdate, firstname, lastname) VALUES (55, '1942-06-19 17:09:27.133636', 'Robert', 'Jackson');
INSERT INTO rocmovies.actors (id, birthdate, firstname, lastname) VALUES (56, '1963-01-12 06:43:15.699330', 'Mary', 'Wilson');
INSERT INTO rocmovies.actors (id, birthdate, firstname, lastname) VALUES (57, '1989-09-28 13:39:47.162060', 'Patricia', 'Anderson');
INSERT INTO rocmovies.actors (id, birthdate, firstname, lastname) VALUES (58, '1991-03-14 00:11:47.969395', 'Linda', 'Miller');
INSERT INTO rocmovies.actors (id, birthdate, firstname, lastname) VALUES (59, '1991-11-28 23:51:15.279766', 'David', 'Thomas');
INSERT INTO rocmovies.actors (id, birthdate, firstname, lastname) VALUES (60, '1964-01-28 15:14:12.856253', 'Jennifer', 'Brown');
INSERT INTO rocmovies.actors (id, birthdate, firstname, lastname) VALUES (61, '1959-04-08 00:42:12.417821', 'Joseph', 'Anderson');
INSERT INTO rocmovies.actors (id, birthdate, firstname, lastname) VALUES (62, '1995-02-25 08:22:41.534150', 'David', 'Rodriguez');
INSERT INTO rocmovies.actors (id, birthdate, firstname, lastname) VALUES (63, '1961-01-04 08:11:37.278361', 'Richard', 'Jackson');
INSERT INTO rocmovies.actors (id, birthdate, firstname, lastname) VALUES (64, '1978-07-12 23:50:20.457592', 'Mary', 'Brown');
INSERT INTO rocmovies.actors (id, birthdate, firstname, lastname) VALUES (65, '1947-07-19 06:16:02.743215', 'Karen', 'Martin');
INSERT INTO rocmovies.actors (id, birthdate, firstname, lastname) VALUES (66, '1973-09-22 23:47:47.703204', 'Susan', 'Smith');
INSERT INTO rocmovies.actors (id, birthdate, firstname, lastname) VALUES (67, '1967-02-22 10:39:20.695612', 'Michael', 'Anderson');
INSERT INTO rocmovies.actors (id, birthdate, firstname, lastname) VALUES (68, '1972-05-22 13:20:25.731076', 'Patricia', 'Wilson');
INSERT INTO rocmovies.actors (id, birthdate, firstname, lastname) VALUES (69, '1948-04-14 21:24:43.784475', 'Elizabeth', 'Jackson');
INSERT INTO rocmovies.actors (id, birthdate, firstname, lastname) VALUES (70, '1976-05-13 17:53:00.318635', 'Jennifer', 'White');
INSERT INTO rocmovies.actors (id, birthdate, firstname, lastname) VALUES (71, '1967-10-20 20:20:29.463246', 'Elizabeth', 'Davis');
INSERT INTO rocmovies.actors (id, birthdate, firstname, lastname) VALUES (72, '1972-08-26 23:10:42.088914', 'Joseph', 'Davis');
INSERT INTO rocmovies.actors (id, birthdate, firstname, lastname) VALUES (73, '1982-11-20 10:05:52.998243', 'Elizabeth', 'Martin');
INSERT INTO rocmovies.actors (id, birthdate, firstname, lastname) VALUES (74, '1954-04-05 00:02:15.498216', 'Linda', 'Wilson');
INSERT INTO rocmovies.actors (id, birthdate, firstname, lastname) VALUES (75, '1969-07-21 18:12:45.730180', 'Karen', 'Williams');
INSERT INTO rocmovies.actors (id, birthdate, firstname, lastname) VALUES (76, '1965-04-05 20:44:00.936021', 'Richard', 'Moore');
INSERT INTO rocmovies.actors (id, birthdate, firstname, lastname) VALUES (77, '1954-03-26 22:33:29.052657', 'Patricia', 'Thomas');
INSERT INTO rocmovies.actors (id, birthdate, firstname, lastname) VALUES (78, '1998-02-15 04:51:29.700005', 'Sarah', 'Garcia');
INSERT INTO rocmovies.actors (id, birthdate, firstname, lastname) VALUES (79, '1978-06-25 14:39:52.754213', 'Thomas', 'Jackson');
INSERT INTO rocmovies.actors (id, birthdate, firstname, lastname) VALUES (80, '1993-09-15 05:47:55.497732', 'Thomas', 'Thomas');
INSERT INTO rocmovies.actors (id, birthdate, firstname, lastname) VALUES (81, '1988-04-27 20:17:49.815451', 'Joseph', 'Rodriguez');
INSERT INTO rocmovies.actors (id, birthdate, firstname, lastname) VALUES (82, '1980-04-09 14:04:45.299607', 'Thomas', 'Moore');
INSERT INTO rocmovies.actors (id, birthdate, firstname, lastname) VALUES (83, '1961-06-18 02:08:09.242495', 'Linda', 'Rodriguez');
INSERT INTO rocmovies.actors (id, birthdate, firstname, lastname) VALUES (84, '1985-04-03 13:26:21.568969', 'Richard', 'Jones');
INSERT INTO rocmovies.actors (id, birthdate, firstname, lastname) VALUES (85, '1943-04-27 13:24:57.807189', 'Joseph', 'Thomas');
INSERT INTO rocmovies.actors (id, birthdate, firstname, lastname) VALUES (86, '1994-10-13 15:00:22.313118', 'Charles', 'Smith');
INSERT INTO rocmovies.actors (id, birthdate, firstname, lastname) VALUES (87, '1974-12-24 17:51:38.941423', 'Richard', 'Thomas');
INSERT INTO rocmovies.actors (id, birthdate, firstname, lastname) VALUES (88, '1954-05-14 15:01:24.352457', 'Linda', 'Moore');
INSERT INTO rocmovies.actors (id, birthdate, firstname, lastname) VALUES (89, '1993-08-05 19:34:01.950983', 'Richard', 'Miller');
INSERT INTO rocmovies.actors (id, birthdate, firstname, lastname) VALUES (90, '1976-11-01 02:41:27.142291', 'Richard', 'Thompson');
INSERT INTO rocmovies.actors (id, birthdate, firstname, lastname) VALUES (91, '1943-05-13 10:13:29.342722', 'Joseph', 'Miller');
INSERT INTO rocmovies.actors (id, birthdate, firstname, lastname) VALUES (92, '1957-07-09 02:30:01.785408', 'David', 'Taylor');
INSERT INTO rocmovies.actors (id, birthdate, firstname, lastname) VALUES (93, '2000-06-08 20:04:49.683414', 'Sarah', 'Johnson');
INSERT INTO rocmovies.actors (id, birthdate, firstname, lastname) VALUES (94, '2000-04-07 00:39:09.250132', 'Mary', 'Smith');
INSERT INTO rocmovies.actors (id, birthdate, firstname, lastname) VALUES (95, '1982-02-19 06:29:44.268690', 'Robert', 'Moore');
INSERT INTO rocmovies.actors (id, birthdate, firstname, lastname) VALUES (96, '1978-10-24 22:07:49.859099', 'Barbara', 'Miller');
INSERT INTO rocmovies.actors (id, birthdate, firstname, lastname) VALUES (97, '1946-10-01 09:36:43.952134', 'Jennifer', 'Wilson');
INSERT INTO rocmovies.actors (id, birthdate, firstname, lastname) VALUES (98, '2000-12-07 02:37:44.870917', 'Richard', 'Taylor');
INSERT INTO rocmovies.actors (id, birthdate, firstname, lastname) VALUES (99, '1984-05-28 21:38:51.126935', 'Linda', 'Brown');
INSERT INTO rocmovies.actors (id, birthdate, firstname, lastname) VALUES (100, '1962-09-14 21:23:04.530538', 'Charles', 'Johnson');
INSERT INTO rocmovies.actors (id, birthdate, firstname, lastname) VALUES (101, '1994-07-27 15:06:27.379781', 'David', 'Smith');
INSERT INTO rocmovies.actors (id, birthdate, firstname, lastname) VALUES (102, '1967-03-24 16:41:17.645830', 'Joseph', 'Jones');
INSERT INTO rocmovies.actors (id, birthdate, firstname, lastname) VALUES (103, '1969-07-27 23:37:17.337960', 'Sarah', 'Moore');
INSERT INTO rocmovies.actors (id, birthdate, firstname, lastname) VALUES (104, '1957-08-08 14:36:39.700646', 'Linda', 'Williams');
INSERT INTO rocmovies.actors (id, birthdate, firstname, lastname) VALUES (105, '1941-08-28 10:11:31.222423', 'Richard', 'Martinez');
INSERT INTO rocmovies.actors (id, birthdate, firstname, lastname) VALUES (106, '1961-05-20 22:56:17.582789', 'Barbara', 'Rodriguez');
INSERT INTO rocmovies.actors (id, birthdate, firstname, lastname) VALUES (107, '2000-04-03 07:46:26.512311', 'James', 'Martin');
INSERT INTO rocmovies.actors (id, birthdate, firstname, lastname) VALUES (108, '1984-08-21 22:31:28.831450', 'Sarah', 'Garcia');
INSERT INTO rocmovies.actors (id, birthdate, firstname, lastname) VALUES (109, '1958-04-13 22:15:19.696212', 'James', 'Williams');
INSERT INTO rocmovies.actors (id, birthdate, firstname, lastname) VALUES (110, '1970-09-17 11:27:47.577124', 'Charles', 'Anderson');
INSERT INTO rocmovies.actors (id, birthdate, firstname, lastname) VALUES (111, '1984-08-09 09:16:14.126516', 'David', 'Anderson');
INSERT INTO rocmovies.actors (id, birthdate, firstname, lastname) VALUES (112, '1947-12-18 22:11:12.226895', 'Michael', 'Martinez');
INSERT INTO rocmovies.actors (id, birthdate, firstname, lastname) VALUES (113, '1986-10-25 16:38:18.105409', 'Jessica', 'Rodriguez');
INSERT INTO rocmovies.actors (id, birthdate, firstname, lastname) VALUES (114, '1954-06-06 09:00:45.560081', 'Michael', 'Wilson');
INSERT INTO rocmovies.actors (id, birthdate, firstname, lastname) VALUES (115, '1942-01-18 09:44:08.668854', 'Robert', 'Rodriguez');
INSERT INTO rocmovies.actors (id, birthdate, firstname, lastname) VALUES (116, '1995-01-19 09:30:30.461865', 'Jessica', 'Brown');
INSERT INTO rocmovies.actors (id, birthdate, firstname, lastname) VALUES (117, '1943-05-28 15:07:52.068517', 'David', 'Miller');
INSERT INTO rocmovies.actors (id, birthdate, firstname, lastname) VALUES (118, '1944-10-21 21:03:09.156445', 'Richard', 'Moore');
INSERT INTO rocmovies.actors (id, birthdate, firstname, lastname) VALUES (119, '1945-04-04 17:48:26.635770', 'Charles', 'Wilson');
INSERT INTO rocmovies.actors (id, birthdate, firstname, lastname) VALUES (120, '1954-09-13 14:58:28.311797', 'Karen', 'White');
INSERT INTO rocmovies.actors (id, birthdate, firstname, lastname) VALUES (121, '1959-10-20 01:39:47.104053', 'Charles', 'Thomas');
INSERT INTO rocmovies.actors (id, birthdate, firstname, lastname) VALUES (122, '1956-11-03 05:15:11.578805', 'Michael', 'Davis');
INSERT INTO rocmovies.actors (id, birthdate, firstname, lastname) VALUES (123, '1940-07-15 22:38:30.305407', 'John', 'Miller');
INSERT INTO rocmovies.actors (id, birthdate, firstname, lastname) VALUES (124, '1958-12-10 22:55:29.074637', 'Mary', 'Garcia');
INSERT INTO rocmovies.actors (id, birthdate, firstname, lastname) VALUES (125, '1990-11-19 21:51:59.207428', 'Linda', 'Rodriguez');
INSERT INTO rocmovies.actors (id, birthdate, firstname, lastname) VALUES (126, '1974-04-21 04:58:17.866785', 'Susan', 'Brown');
INSERT INTO rocmovies.actors (id, birthdate, firstname, lastname) VALUES (127, '1943-03-26 09:38:47.864278', 'Robert', 'Williams');
INSERT INTO rocmovies.actors (id, birthdate, firstname, lastname) VALUES (128, '1968-02-15 22:19:44.422060', 'Charles', 'Wilson');
INSERT INTO rocmovies.actors (id, birthdate, firstname, lastname) VALUES (129, '1974-08-15 02:38:02.932627', 'William', 'Martin');
INSERT INTO rocmovies.actors (id, birthdate, firstname, lastname) VALUES (130, '1978-05-01 02:14:43.876566', 'Susan', 'Martinez');
INSERT INTO rocmovies.actors (id, birthdate, firstname, lastname) VALUES (131, '2000-01-25 21:52:17.604238', 'Charles', 'Thompson');
INSERT INTO rocmovies.actors (id, birthdate, firstname, lastname) VALUES (132, '1970-09-21 14:58:17.190305', 'Mary', 'Miller');
INSERT INTO rocmovies.actors (id, birthdate, firstname, lastname) VALUES (133, '1980-08-03 15:22:26.349499', 'Charles', 'Thomas');
INSERT INTO rocmovies.actors (id, birthdate, firstname, lastname) VALUES (134, '1994-03-11 13:44:31.302218', 'David', 'Brown');
INSERT INTO rocmovies.actors (id, birthdate, firstname, lastname) VALUES (135, '1942-08-03 10:16:20.121552', 'Richard', 'Jackson');
INSERT INTO rocmovies.actors (id, birthdate, firstname, lastname) VALUES (136, '1992-01-22 17:29:26.056837', 'Richard', 'Martin');
INSERT INTO rocmovies.actors (id, birthdate, firstname, lastname) VALUES (137, '1963-10-25 15:40:28.796907', 'Michael', 'Martin');
INSERT INTO rocmovies.actors (id, birthdate, firstname, lastname) VALUES (138, '1957-09-05 09:28:56.732168', 'Mary', 'Davis');
INSERT INTO rocmovies.actors (id, birthdate, firstname, lastname) VALUES (139, '1941-11-20 07:45:10.325845', 'Jessica', 'Brown');
INSERT INTO rocmovies.actors (id, birthdate, firstname, lastname) VALUES (140, '1975-07-03 07:53:58.118972', 'Sarah', 'Smith');
INSERT INTO rocmovies.actors (id, birthdate, firstname, lastname) VALUES (141, '1981-03-16 22:18:32.739677', 'Joseph', 'Brown');
INSERT INTO rocmovies.actors (id, birthdate, firstname, lastname) VALUES (142, '1993-08-16 07:29:35.151668', 'William', 'Thomas');
INSERT INTO rocmovies.actors (id, birthdate, firstname, lastname) VALUES (143, '1998-10-17 23:56:08.905997', 'Richard', 'Davis');
INSERT INTO rocmovies.actors (id, birthdate, firstname, lastname) VALUES (144, '1989-07-11 16:17:52.002689', 'John', 'Rodriguez');
INSERT INTO rocmovies.actors (id, birthdate, firstname, lastname) VALUES (145, '1993-10-19 21:31:55.155813', 'Elizabeth', 'Wilson');
INSERT INTO rocmovies.actors (id, birthdate, firstname, lastname) VALUES (146, '1970-06-11 17:48:34.395533', 'Joseph', 'Jackson');
INSERT INTO rocmovies.actors (id, birthdate, firstname, lastname) VALUES (147, '1995-04-23 07:36:24.244907', 'Joseph', 'Martinez');
INSERT INTO rocmovies.actors (id, birthdate, firstname, lastname) VALUES (148, '1960-12-16 22:58:51.399749', 'Susan', 'Johnson');
INSERT INTO rocmovies.actors (id, birthdate, firstname, lastname) VALUES (149, '1971-01-05 16:37:21.911946', 'Richard', 'Jones');
INSERT INTO rocmovies.actors (id, birthdate, firstname, lastname) VALUES (150, '1946-09-15 00:46:09.429893', 'Patricia', 'Hernandez');
INSERT INTO rocmovies.actors (id, birthdate, firstname, lastname) VALUES (151, '1970-05-11 19:44:25.681403', 'Robert', 'Williams');
INSERT INTO rocmovies.actors (id, birthdate, firstname, lastname) VALUES (152, '1994-11-28 17:24:20.657246', 'John', 'Martinez');
INSERT INTO rocmovies.actors (id, birthdate, firstname, lastname) VALUES (153, '1942-10-03 07:40:43.965664', 'Jessica', 'Jackson');
INSERT INTO rocmovies.actors (id, birthdate, firstname, lastname) VALUES (154, '1987-02-14 03:48:40.738083', 'Elizabeth', 'Garcia');
INSERT INTO rocmovies.actors (id, birthdate, firstname, lastname) VALUES (155, '1950-12-10 00:02:20.834816', 'Patricia', 'Hernandez');
INSERT INTO rocmovies.actors (id, birthdate, firstname, lastname) VALUES (156, '1962-06-14 04:15:33.432067', 'Mary', 'Wilson');
INSERT INTO rocmovies.actors (id, birthdate, firstname, lastname) VALUES (157, '1950-03-03 19:55:24.649813', 'Charles', 'Miller');
INSERT INTO rocmovies.actors (id, birthdate, firstname, lastname) VALUES (158, '1998-10-05 07:29:40.266314', 'Linda', 'Moore');
INSERT INTO rocmovies.actors (id, birthdate, firstname, lastname) VALUES (159, '1982-01-26 14:57:18.710526', 'Joseph', 'Rodriguez');
INSERT INTO rocmovies.actors (id, birthdate, firstname, lastname) VALUES (160, '1944-08-12 18:19:40.444920', 'Sarah', 'Miller');

-- customers
INSERT INTO rocmovies.customers (id, name) VALUES (1, 'Customer_01 Rodriguez');
INSERT INTO rocmovies.customers (id, name) VALUES (2, 'Customer_02 Hernandez');
INSERT INTO rocmovies.customers (id, name) VALUES (3, 'Customer_03 Wilson');
INSERT INTO rocmovies.customers (id, name) VALUES (4, 'Customer_04 Davis');
INSERT INTO rocmovies.customers (id, name) VALUES (5, 'Customer_05 Taylor');
INSERT INTO rocmovies.customers (id, name) VALUES (6, 'Customer_06 Moore');
INSERT INTO rocmovies.customers (id, name) VALUES (7, 'Customer_07 Brown');
INSERT INTO rocmovies.customers (id, name) VALUES (8, 'Customer_08 Garcia');
INSERT INTO rocmovies.customers (id, name) VALUES (9, 'Customer_09 Taylor');
INSERT INTO rocmovies.customers (id, name) VALUES (10, 'Customer_10 Thompson');
INSERT INTO rocmovies.customers (id, name) VALUES (11, 'Customer_11 Anderson');
INSERT INTO rocmovies.customers (id, name) VALUES (12, 'Customer_12 Thompson');
INSERT INTO rocmovies.customers (id, name) VALUES (13, 'Customer_13 Wilson');
INSERT INTO rocmovies.customers (id, name) VALUES (14, 'Customer_14 Wilson');
INSERT INTO rocmovies.customers (id, name) VALUES (15, 'Customer_15 Smith');
INSERT INTO rocmovies.customers (id, name) VALUES (16, 'Customer_16 Taylor');
INSERT INTO rocmovies.customers (id, name) VALUES (17, 'Customer_17 Rodriguez');
INSERT INTO rocmovies.customers (id, name) VALUES (18, 'Customer_18 Smith');
INSERT INTO rocmovies.customers (id, name) VALUES (19, 'Customer_19 Thompson');
INSERT INTO rocmovies.customers (id, name) VALUES (20, 'Customer_20 Johnson');
INSERT INTO rocmovies.customers (id, name) VALUES (21, 'Customer_21 White');
INSERT INTO rocmovies.customers (id, name) VALUES (22, 'Customer_22 Moore');
INSERT INTO rocmovies.customers (id, name) VALUES (23, 'Customer_23 Wilson');
INSERT INTO rocmovies.customers (id, name) VALUES (24, 'Customer_24 Garcia');
INSERT INTO rocmovies.customers (id, name) VALUES (25, 'Customer_25 White');
INSERT INTO rocmovies.customers (id, name) VALUES (26, 'Customer_26 Anderson');
INSERT INTO rocmovies.customers (id, name) VALUES (27, 'Customer_27 Garcia');
INSERT INTO rocmovies.customers (id, name) VALUES (28, 'Customer_28 Davis');
INSERT INTO rocmovies.customers (id, name) VALUES (29, 'Customer_29 White');
INSERT INTO rocmovies.customers (id, name) VALUES (30, 'Customer_30 Rodriguez');
INSERT INTO rocmovies.customers (id, name) VALUES (31, 'Customer_31 Jones');
INSERT INTO rocmovies.customers (id, name) VALUES (32, 'Customer_32 Brown');
INSERT INTO rocmovies.customers (id, name) VALUES (33, 'Customer_33 Johnson');
INSERT INTO rocmovies.customers (id, name) VALUES (34, 'Customer_34 Wilson');
INSERT INTO rocmovies.customers (id, name) VALUES (35, 'Customer_35 Hernandez');
INSERT INTO rocmovies.customers (id, name) VALUES (36, 'Customer_36 Johnson');
INSERT INTO rocmovies.customers (id, name) VALUES (37, 'Customer_37 Thompson');
INSERT INTO rocmovies.customers (id, name) VALUES (38, 'Customer_38 Anderson');
INSERT INTO rocmovies.customers (id, name) VALUES (39, 'Customer_39 Jones');
INSERT INTO rocmovies.customers (id, name) VALUES (40, 'Customer_40 Williams');
INSERT INTO rocmovies.customers (id, name) VALUES (41, 'Customer_41 Wilson');
INSERT INTO rocmovies.customers (id, name) VALUES (42, 'Customer_42 Martinez');
INSERT INTO rocmovies.customers (id, name) VALUES (43, 'Customer_43 Thomas');
INSERT INTO rocmovies.customers (id, name) VALUES (44, 'Customer_44 Miller');
INSERT INTO rocmovies.customers (id, name) VALUES (45, 'Customer_45 Davis');

-- movies
INSERT INTO rocmovies.movies (id, productor_id, style_id, production_year, title, reference) VALUES (1, 3, 9, 1996, 'The Eternal Journey', 'USA-100001');
INSERT INTO rocmovies.movies (id, productor_id, style_id, production_year, title, reference) VALUES (2, 5, 3, 1982, 'Wild Guardians', 'GB-100002');
INSERT INTO rocmovies.movies (id, productor_id, style_id, production_year, title, reference) VALUES (3, 5, 12, 1993, 'Royal Memories', 'FR-100003');
INSERT INTO rocmovies.movies (id, productor_id, style_id, production_year, title, reference) VALUES (4, 8, 2, 1968, 'Lucky Promise', 'USA-100004');
INSERT INTO rocmovies.movies (id, productor_id, style_id, production_year, title, reference) VALUES (5, 7, 9, 1996, 'The Lost Guardian', 'GB-100005');
INSERT INTO rocmovies.movies (id, productor_id, style_id, production_year, title, reference) VALUES (6, 7, 1, 1983, 'Secret Memories', 'FR-100006');
INSERT INTO rocmovies.movies (id, productor_id, style_id, production_year, title, reference) VALUES (7, 8, 6, 1983, 'Lonely Shadows', 'USA-100007');
INSERT INTO rocmovies.movies (id, productor_id, style_id, production_year, title, reference) VALUES (8, 6, 2, 1979, 'Wild Journey', 'GB-100008');
INSERT INTO rocmovies.movies (id, productor_id, style_id, production_year, title, reference) VALUES (9, 10, 9, 1991, 'Midnight Promise', 'FR-100009');
INSERT INTO rocmovies.movies (id, productor_id, style_id, production_year, title, reference) VALUES (10, 2, 11, 2009, 'Burning River', 'USA-100010');
INSERT INTO rocmovies.movies (id, productor_id, style_id, production_year, title, reference) VALUES (11, 7, 2, 1967, 'Red City', 'GB-100011');
INSERT INTO rocmovies.movies (id, productor_id, style_id, production_year, title, reference) VALUES (12, 5, 8, 1964, 'Great Promise', 'FR-100012');
INSERT INTO rocmovies.movies (id, productor_id, style_id, production_year, title, reference) VALUES (13, 9, 3, 1999, 'Strange Kingdom', 'USA-100013');
INSERT INTO rocmovies.movies (id, productor_id, style_id, production_year, title, reference) VALUES (14, 9, 7, 1969, 'Blue Bridge', 'GB-100014');
INSERT INTO rocmovies.movies (id, productor_id, style_id, production_year, title, reference) VALUES (15, 2, 8, 2002, 'Dark City', 'FR-100015');
INSERT INTO rocmovies.movies (id, productor_id, style_id, production_year, title, reference) VALUES (16, 6, 4, 2006, 'Strange Promise', 'USA-100016');
INSERT INTO rocmovies.movies (id, productor_id, style_id, production_year, title, reference) VALUES (17, 6, 2, 1997, 'Secret Bridge', 'GB-100017');
INSERT INTO rocmovies.movies (id, productor_id, style_id, production_year, title, reference) VALUES (18, 6, 1, 2000, 'Dark Code', 'FR-100018');
INSERT INTO rocmovies.movies (id, productor_id, style_id, production_year, title, reference) VALUES (19, 2, 8, 1961, 'Frozen Code', 'USA-100019');
INSERT INTO rocmovies.movies (id, productor_id, style_id, production_year, title, reference) VALUES (20, 10, 1, 1956, 'Royal Sky', 'GB-100020');
INSERT INTO rocmovies.movies (id, productor_id, style_id, production_year, title, reference) VALUES (21, 4, 3, 2022, 'Last Star', 'FR-100021');
INSERT INTO rocmovies.movies (id, productor_id, style_id, production_year, title, reference) VALUES (22, 9, 4, 1977, 'First Sky', 'USA-100022');
INSERT INTO rocmovies.movies (id, productor_id, style_id, production_year, title, reference) VALUES (23, 3, 10, 1950, 'Dark Night', 'GB-100023');
INSERT INTO rocmovies.movies (id, productor_id, style_id, production_year, title, reference) VALUES (24, 3, 9, 1982, 'Royal Empire', 'FR-100024');
INSERT INTO rocmovies.movies (id, productor_id, style_id, production_year, title, reference) VALUES (25, 2, 11, 1953, 'Hidden Journey', 'USA-100025');
INSERT INTO rocmovies.movies (id, productor_id, style_id, production_year, title, reference) VALUES (26, 6, 4, 1991, 'Silent Empire', 'GB-100026');
INSERT INTO rocmovies.movies (id, productor_id, style_id, production_year, title, reference) VALUES (27, 5, 1, 1966, 'Distant Garden', 'FR-100027');
INSERT INTO rocmovies.movies (id, productor_id, style_id, production_year, title, reference) VALUES (28, 9, 2, 1958, 'Wild Blade', 'USA-100028');
INSERT INTO rocmovies.movies (id, productor_id, style_id, production_year, title, reference) VALUES (29, 6, 9, 1963, 'Strange Quest', 'GB-100029');
INSERT INTO rocmovies.movies (id, productor_id, style_id, production_year, title, reference) VALUES (30, 4, 10, 1955, 'Distant Guardian', 'FR-100030');
INSERT INTO rocmovies.movies (id, productor_id, style_id, production_year, title, reference) VALUES (31, 9, 5, 2008, 'Crimson Journey', 'USA-100031');
INSERT INTO rocmovies.movies (id, productor_id, style_id, production_year, title, reference) VALUES (32, 1, 8, 2001, 'Blue Truth', 'GB-100032');
INSERT INTO rocmovies.movies (id, productor_id, style_id, production_year, title, reference) VALUES (33, 2, 8, 2006, 'Lost Star', 'FR-100033');
INSERT INTO rocmovies.movies (id, productor_id, style_id, production_year, title, reference) VALUES (34, 6, 10, 1968, 'Lost Night', 'USA-100034');
INSERT INTO rocmovies.movies (id, productor_id, style_id, production_year, title, reference) VALUES (35, 5, 10, 2024, 'Secret Storm', 'GB-100035');
INSERT INTO rocmovies.movies (id, productor_id, style_id, production_year, title, reference) VALUES (36, 6, 7, 2017, 'Bright Blade', 'FR-100036');
INSERT INTO rocmovies.movies (id, productor_id, style_id, production_year, title, reference) VALUES (37, 9, 10, 2005, 'Great Guardian', 'USA-100037');
INSERT INTO rocmovies.movies (id, productor_id, style_id, production_year, title, reference) VALUES (38, 2, 11, 2020, 'Distant Code', 'GB-100038');
INSERT INTO rocmovies.movies (id, productor_id, style_id, production_year, title, reference) VALUES (39, 7, 8, 1979, 'Blue Sky', 'FR-100039');
INSERT INTO rocmovies.movies (id, productor_id, style_id, production_year, title, reference) VALUES (40, 8, 7, 2003, 'Distant Memory', 'USA-100040');
INSERT INTO rocmovies.movies (id, productor_id, style_id, production_year, title, reference) VALUES (41, 6, 7, 1990, 'Frozen Road', 'GB-100041');
INSERT INTO rocmovies.movies (id, productor_id, style_id, production_year, title, reference) VALUES (42, 6, 3, 2010, 'Lost Star', 'FR-100042');
INSERT INTO rocmovies.movies (id, productor_id, style_id, production_year, title, reference) VALUES (43, 2, 2, 2005, 'Great Echo', 'USA-100043');
INSERT INTO rocmovies.movies (id, productor_id, style_id, production_year, title, reference) VALUES (44, 6, 3, 2021, 'Red Dream', 'GB-100044');
INSERT INTO rocmovies.movies (id, productor_id, style_id, production_year, title, reference) VALUES (45, 9, 9, 1992, 'Frozen Memory', 'FR-100045');
INSERT INTO rocmovies.movies (id, productor_id, style_id, production_year, title, reference) VALUES (46, 7, 6, 2004, 'Distant City', 'USA-100046');
INSERT INTO rocmovies.movies (id, productor_id, style_id, production_year, title, reference) VALUES (47, 5, 10, 1989, 'Invisible Memory', 'GB-100047');
INSERT INTO rocmovies.movies (id, productor_id, style_id, production_year, title, reference) VALUES (48, 10, 9, 1977, 'Hidden Truth', 'FR-100048');
INSERT INTO rocmovies.movies (id, productor_id, style_id, production_year, title, reference) VALUES (49, 8, 4, 1963, 'Invisible Island', 'USA-100049');
INSERT INTO rocmovies.movies (id, productor_id, style_id, production_year, title, reference) VALUES (50, 6, 2, 1985, 'Lonely Promise', 'GB-100050');
INSERT INTO rocmovies.movies (id, productor_id, style_id, production_year, title, reference) VALUES (51, 7, 9, 2021, 'Silent Signal', 'FR-100051');
INSERT INTO rocmovies.movies (id, productor_id, style_id, production_year, title, reference) VALUES (52, 5, 1, 1973, 'Dark Storm', 'USA-100052');
INSERT INTO rocmovies.movies (id, productor_id, style_id, production_year, title, reference) VALUES (53, 5, 6, 1994, 'Silent Empire', 'GB-100053');
INSERT INTO rocmovies.movies (id, productor_id, style_id, production_year, title, reference) VALUES (54, 3, 10, 2001, 'Lost Night', 'FR-100054');
INSERT INTO rocmovies.movies (id, productor_id, style_id, production_year, title, reference) VALUES (55, 1, 2, 2017, 'Last Shadow', 'USA-100055');
INSERT INTO rocmovies.movies (id, productor_id, style_id, production_year, title, reference) VALUES (56, 7, 8, 1993, 'Final Kingdom', 'GB-100056');
INSERT INTO rocmovies.movies (id, productor_id, style_id, production_year, title, reference) VALUES (57, 5, 12, 1991, 'Lucky Dream', 'FR-100057');
INSERT INTO rocmovies.movies (id, productor_id, style_id, production_year, title, reference) VALUES (58, 10, 2, 1956, 'Hidden Empire', 'USA-100058');
INSERT INTO rocmovies.movies (id, productor_id, style_id, production_year, title, reference) VALUES (59, 10, 1, 1960, 'Dark Blade', 'GB-100059');
INSERT INTO rocmovies.movies (id, productor_id, style_id, production_year, title, reference) VALUES (60, 7, 8, 2006, 'Blue Road', 'FR-100060');


-- roles
INSERT INTO rocmovies.roles (id, actor_id, movie_id, name) VALUES (1, 132, 1, 'Sam Reed');
INSERT INTO rocmovies.roles (id, actor_id, movie_id, name) VALUES (2, 30, 1, 'Lee Wells');
INSERT INTO rocmovies.roles (id, actor_id, movie_id, name) VALUES (3, 89, 1, 'Jamie Reed');
INSERT INTO rocmovies.roles (id, actor_id, movie_id, name) VALUES (4, 111, 1, 'Alex Hill');
INSERT INTO rocmovies.roles (id, actor_id, movie_id, name) VALUES (5, 154, 2, 'Morgan Reed');
INSERT INTO rocmovies.roles (id, actor_id, movie_id, name) VALUES (6, 15, 2, 'Jordan Cole');
INSERT INTO rocmovies.roles (id, actor_id, movie_id, name) VALUES (7, 2, 2, 'Sam Smith');
INSERT INTO rocmovies.roles (id, actor_id, movie_id, name) VALUES (8, 53, 2, 'Charlie Fox');
INSERT INTO rocmovies.roles (id, actor_id, movie_id, name) VALUES (9, 78, 2, 'Morgan Brooks');
INSERT INTO rocmovies.roles (id, actor_id, movie_id, name) VALUES (10, 55, 2, 'Riley Hill');
INSERT INTO rocmovies.roles (id, actor_id, movie_id, name) VALUES (11, 19, 3, 'Charlie Jones');
INSERT INTO rocmovies.roles (id, actor_id, movie_id, name) VALUES (12, 102, 3, 'Casey Fox');
INSERT INTO rocmovies.roles (id, actor_id, movie_id, name) VALUES (13, 11, 3, 'Lee Fox');
INSERT INTO rocmovies.roles (id, actor_id, movie_id, name) VALUES (14, 112, 3, 'Riley Reed');
INSERT INTO rocmovies.roles (id, actor_id, movie_id, name) VALUES (15, 5, 3, 'Sam Fox');
INSERT INTO rocmovies.roles (id, actor_id, movie_id, name) VALUES (16, 84, 4, 'Charlie Cole');
INSERT INTO rocmovies.roles (id, actor_id, movie_id, name) VALUES (17, 44, 4, 'Sam Fox');
INSERT INTO rocmovies.roles (id, actor_id, movie_id, name) VALUES (18, 159, 4, 'Sam Hill');
INSERT INTO rocmovies.roles (id, actor_id, movie_id, name) VALUES (19, 151, 5, 'Casey Hill');
INSERT INTO rocmovies.roles (id, actor_id, movie_id, name) VALUES (20, 103, 5, 'Casey Brooks');
INSERT INTO rocmovies.roles (id, actor_id, movie_id, name) VALUES (21, 135, 5, 'Sam Jones');
INSERT INTO rocmovies.roles (id, actor_id, movie_id, name) VALUES (22, 21, 5, 'Jamie Hill');
INSERT INTO rocmovies.roles (id, actor_id, movie_id, name) VALUES (23, 102, 5, 'Casey Cole');
INSERT INTO rocmovies.roles (id, actor_id, movie_id, name) VALUES (24, 80, 5, 'Morgan Hill');
INSERT INTO rocmovies.roles (id, actor_id, movie_id, name) VALUES (25, 38, 6, 'Morgan Brooks');
INSERT INTO rocmovies.roles (id, actor_id, movie_id, name) VALUES (26, 66, 6, 'Sam Brooks');
INSERT INTO rocmovies.roles (id, actor_id, movie_id, name) VALUES (27, 51, 6, 'Charlie Wells');
INSERT INTO rocmovies.roles (id, actor_id, movie_id, name) VALUES (28, 145, 7, 'Sam Wells');
INSERT INTO rocmovies.roles (id, actor_id, movie_id, name) VALUES (29, 160, 7, 'Charlie Reed');
INSERT INTO rocmovies.roles (id, actor_id, movie_id, name) VALUES (30, 83, 7, 'Jordan Smith');
INSERT INTO rocmovies.roles (id, actor_id, movie_id, name) VALUES (31, 81, 7, 'Casey Jones');
INSERT INTO rocmovies.roles (id, actor_id, movie_id, name) VALUES (32, 39, 7, 'Jordan Wells');
INSERT INTO rocmovies.roles (id, actor_id, movie_id, name) VALUES (33, 113, 7, 'Charlie Smith');
INSERT INTO rocmovies.roles (id, actor_id, movie_id, name) VALUES (34, 95, 8, 'Sam Fox');
INSERT INTO rocmovies.roles (id, actor_id, movie_id, name) VALUES (35, 74, 8, 'Charlie Smith');
INSERT INTO rocmovies.roles (id, actor_id, movie_id, name) VALUES (36, 20, 8, 'Charlie Hill');
INSERT INTO rocmovies.roles (id, actor_id, movie_id, name) VALUES (37, 155, 9, 'Charlie Jones');
INSERT INTO rocmovies.roles (id, actor_id, movie_id, name) VALUES (38, 122, 9, 'Casey Jones');
INSERT INTO rocmovies.roles (id, actor_id, movie_id, name) VALUES (39, 129, 9, 'Jamie Brooks');
INSERT INTO rocmovies.roles (id, actor_id, movie_id, name) VALUES (40, 39, 9, 'Alex Hill');
INSERT INTO rocmovies.roles (id, actor_id, movie_id, name) VALUES (41, 16, 9, 'Charlie Wells');
INSERT INTO rocmovies.roles (id, actor_id, movie_id, name) VALUES (42, 94, 10, 'Riley Cole');
INSERT INTO rocmovies.roles (id, actor_id, movie_id, name) VALUES (43, 96, 10, 'Lee Smith');
INSERT INTO rocmovies.roles (id, actor_id, movie_id, name) VALUES (44, 73, 10, 'Casey Jones');
INSERT INTO rocmovies.roles (id, actor_id, movie_id, name) VALUES (45, 100, 10, 'Casey Jones');
INSERT INTO rocmovies.roles (id, actor_id, movie_id, name) VALUES (46, 73, 11, 'Lee Brooks');
INSERT INTO rocmovies.roles (id, actor_id, movie_id, name) VALUES (47, 65, 11, 'Casey Reed');
INSERT INTO rocmovies.roles (id, actor_id, movie_id, name) VALUES (48, 155, 11, 'Riley Brooks');
INSERT INTO rocmovies.roles (id, actor_id, movie_id, name) VALUES (49, 39, 11, 'Lee Jones');
INSERT INTO rocmovies.roles (id, actor_id, movie_id, name) VALUES (50, 86, 11, 'Jordan Fox');
INSERT INTO rocmovies.roles (id, actor_id, movie_id, name) VALUES (51, 21, 11, 'Casey Brooks');
INSERT INTO rocmovies.roles (id, actor_id, movie_id, name) VALUES (52, 109, 12, 'Alex Cole');
INSERT INTO rocmovies.roles (id, actor_id, movie_id, name) VALUES (53, 131, 12, 'Jordan Brooks');
INSERT INTO rocmovies.roles (id, actor_id, movie_id, name) VALUES (54, 93, 12, 'Taylor Cole');
INSERT INTO rocmovies.roles (id, actor_id, movie_id, name) VALUES (55, 50, 13, 'Sam Smith');
INSERT INTO rocmovies.roles (id, actor_id, movie_id, name) VALUES (56, 58, 13, 'Casey Brooks');
INSERT INTO rocmovies.roles (id, actor_id, movie_id, name) VALUES (57, 36, 13, 'Lee Fox');
INSERT INTO rocmovies.roles (id, actor_id, movie_id, name) VALUES (58, 40, 13, 'Morgan Brooks');
INSERT INTO rocmovies.roles (id, actor_id, movie_id, name) VALUES (59, 20, 13, 'Morgan Brooks');
INSERT INTO rocmovies.roles (id, actor_id, movie_id, name) VALUES (60, 76, 13, 'Charlie Smith');
INSERT INTO rocmovies.roles (id, actor_id, movie_id, name) VALUES (61, 94, 14, 'Taylor Hill');
INSERT INTO rocmovies.roles (id, actor_id, movie_id, name) VALUES (62, 61, 14, 'Jordan Wells');
INSERT INTO rocmovies.roles (id, actor_id, movie_id, name) VALUES (63, 114, 14, 'Taylor Cole');
INSERT INTO rocmovies.roles (id, actor_id, movie_id, name) VALUES (64, 157, 14, 'Lee Wells');
INSERT INTO rocmovies.roles (id, actor_id, movie_id, name) VALUES (65, 73, 14, 'Charlie Reed');
INSERT INTO rocmovies.roles (id, actor_id, movie_id, name) VALUES (66, 115, 14, 'Riley Fox');
INSERT INTO rocmovies.roles (id, actor_id, movie_id, name) VALUES (67, 52, 15, 'Alex Wells');
INSERT INTO rocmovies.roles (id, actor_id, movie_id, name) VALUES (68, 155, 15, 'Casey Jones');
INSERT INTO rocmovies.roles (id, actor_id, movie_id, name) VALUES (69, 36, 15, 'Jamie Jones');
INSERT INTO rocmovies.roles (id, actor_id, movie_id, name) VALUES (70, 65, 15, 'Jordan Jones');
INSERT INTO rocmovies.roles (id, actor_id, movie_id, name) VALUES (71, 70, 16, 'Riley Jones');
INSERT INTO rocmovies.roles (id, actor_id, movie_id, name) VALUES (72, 116, 16, 'Taylor Wells');
INSERT INTO rocmovies.roles (id, actor_id, movie_id, name) VALUES (73, 132, 16, 'Casey Smith');
INSERT INTO rocmovies.roles (id, actor_id, movie_id, name) VALUES (74, 38, 16, 'Riley Smith');
INSERT INTO rocmovies.roles (id, actor_id, movie_id, name) VALUES (75, 129, 17, 'Alex Cole');
INSERT INTO rocmovies.roles (id, actor_id, movie_id, name) VALUES (76, 96, 17, 'Sam Cole');
INSERT INTO rocmovies.roles (id, actor_id, movie_id, name) VALUES (77, 61, 17, 'Morgan Brooks');
INSERT INTO rocmovies.roles (id, actor_id, movie_id, name) VALUES (78, 99, 17, 'Alex Reed');
INSERT INTO rocmovies.roles (id, actor_id, movie_id, name) VALUES (79, 21, 17, 'Charlie Brooks');
INSERT INTO rocmovies.roles (id, actor_id, movie_id, name) VALUES (80, 58, 17, 'Charlie Wells');
INSERT INTO rocmovies.roles (id, actor_id, movie_id, name) VALUES (81, 21, 18, 'Taylor Brooks');
INSERT INTO rocmovies.roles (id, actor_id, movie_id, name) VALUES (82, 5, 18, 'Jamie Fox');
INSERT INTO rocmovies.roles (id, actor_id, movie_id, name) VALUES (83, 66, 18, 'Sam Reed');
INSERT INTO rocmovies.roles (id, actor_id, movie_id, name) VALUES (84, 78, 19, 'Riley Wells');
INSERT INTO rocmovies.roles (id, actor_id, movie_id, name) VALUES (85, 32, 19, 'Sam Jones');
INSERT INTO rocmovies.roles (id, actor_id, movie_id, name) VALUES (86, 13, 19, 'Charlie Smith');
INSERT INTO rocmovies.roles (id, actor_id, movie_id, name) VALUES (87, 62, 19, 'Jamie Hill');
INSERT INTO rocmovies.roles (id, actor_id, movie_id, name) VALUES (88, 75, 20, 'Casey Hill');
INSERT INTO rocmovies.roles (id, actor_id, movie_id, name) VALUES (89, 110, 20, 'Lee Fox');
INSERT INTO rocmovies.roles (id, actor_id, movie_id, name) VALUES (90, 1, 20, 'Morgan Jones');
INSERT INTO rocmovies.roles (id, actor_id, movie_id, name) VALUES (91, 158, 20, 'Jamie Cole');
INSERT INTO rocmovies.roles (id, actor_id, movie_id, name) VALUES (92, 135, 21, 'Jamie Smith');
INSERT INTO rocmovies.roles (id, actor_id, movie_id, name) VALUES (93, 140, 21, 'Riley Wells');
INSERT INTO rocmovies.roles (id, actor_id, movie_id, name) VALUES (94, 130, 21, 'Alex Fox');
INSERT INTO rocmovies.roles (id, actor_id, movie_id, name) VALUES (95, 65, 22, 'Taylor Jones');
INSERT INTO rocmovies.roles (id, actor_id, movie_id, name) VALUES (96, 5, 22, 'Lee Cole');
INSERT INTO rocmovies.roles (id, actor_id, movie_id, name) VALUES (97, 92, 22, 'Morgan Smith');
INSERT INTO rocmovies.roles (id, actor_id, movie_id, name) VALUES (98, 18, 22, 'Casey Cole');
INSERT INTO rocmovies.roles (id, actor_id, movie_id, name) VALUES (99, 89, 22, 'Morgan Wells');
INSERT INTO rocmovies.roles (id, actor_id, movie_id, name) VALUES (100, 47, 23, 'Taylor Smith');
INSERT INTO rocmovies.roles (id, actor_id, movie_id, name) VALUES (101, 35, 23, 'Taylor Smith');
INSERT INTO rocmovies.roles (id, actor_id, movie_id, name) VALUES (102, 17, 23, 'Casey Reed');
INSERT INTO rocmovies.roles (id, actor_id, movie_id, name) VALUES (103, 118, 23, 'Jamie Fox');
INSERT INTO rocmovies.roles (id, actor_id, movie_id, name) VALUES (104, 10, 23, 'Jamie Wells');
INSERT INTO rocmovies.roles (id, actor_id, movie_id, name) VALUES (105, 76, 23, 'Jordan Smith');
INSERT INTO rocmovies.roles (id, actor_id, movie_id, name) VALUES (106, 74, 24, 'Jordan Jones');
INSERT INTO rocmovies.roles (id, actor_id, movie_id, name) VALUES (107, 92, 24, 'Casey Fox');
INSERT INTO rocmovies.roles (id, actor_id, movie_id, name) VALUES (108, 13, 24, 'Riley Wells');
INSERT INTO rocmovies.roles (id, actor_id, movie_id, name) VALUES (109, 85, 24, 'Riley Cole');
INSERT INTO rocmovies.roles (id, actor_id, movie_id, name) VALUES (110, 128, 25, 'Sam Fox');
INSERT INTO rocmovies.roles (id, actor_id, movie_id, name) VALUES (111, 95, 25, 'Sam Fox');
INSERT INTO rocmovies.roles (id, actor_id, movie_id, name) VALUES (112, 133, 25, 'Lee Brooks');
INSERT INTO rocmovies.roles (id, actor_id, movie_id, name) VALUES (113, 69, 25, 'Jamie Reed');
INSERT INTO rocmovies.roles (id, actor_id, movie_id, name) VALUES (114, 27, 26, 'Charlie Fox');
INSERT INTO rocmovies.roles (id, actor_id, movie_id, name) VALUES (115, 21, 26, 'Morgan Wells');
INSERT INTO rocmovies.roles (id, actor_id, movie_id, name) VALUES (116, 84, 26, 'Casey Wells');
INSERT INTO rocmovies.roles (id, actor_id, movie_id, name) VALUES (117, 76, 26, 'Alex Cole');
INSERT INTO rocmovies.roles (id, actor_id, movie_id, name) VALUES (118, 79, 26, 'Lee Fox');
INSERT INTO rocmovies.roles (id, actor_id, movie_id, name) VALUES (119, 15, 27, 'Morgan Smith');
INSERT INTO rocmovies.roles (id, actor_id, movie_id, name) VALUES (120, 20, 27, 'Morgan Wells');
INSERT INTO rocmovies.roles (id, actor_id, movie_id, name) VALUES (121, 104, 27, 'Alex Brooks');
INSERT INTO rocmovies.roles (id, actor_id, movie_id, name) VALUES (122, 94, 27, 'Sam Hill');
INSERT INTO rocmovies.roles (id, actor_id, movie_id, name) VALUES (123, 132, 27, 'Casey Cole');
INSERT INTO rocmovies.roles (id, actor_id, movie_id, name) VALUES (124, 146, 28, 'Casey Wells');
INSERT INTO rocmovies.roles (id, actor_id, movie_id, name) VALUES (125, 9, 28, 'Sam Brooks');
INSERT INTO rocmovies.roles (id, actor_id, movie_id, name) VALUES (126, 155, 28, 'Jamie Cole');
INSERT INTO rocmovies.roles (id, actor_id, movie_id, name) VALUES (127, 40, 28, 'Riley Cole');
INSERT INTO rocmovies.roles (id, actor_id, movie_id, name) VALUES (128, 116, 28, 'Jordan Hill');
INSERT INTO rocmovies.roles (id, actor_id, movie_id, name) VALUES (129, 95, 28, 'Sam Smith');
INSERT INTO rocmovies.roles (id, actor_id, movie_id, name) VALUES (130, 128, 29, 'Sam Reed');
INSERT INTO rocmovies.roles (id, actor_id, movie_id, name) VALUES (131, 133, 29, 'Jordan Wells');
INSERT INTO rocmovies.roles (id, actor_id, movie_id, name) VALUES (132, 100, 29, 'Taylor Reed');
INSERT INTO rocmovies.roles (id, actor_id, movie_id, name) VALUES (133, 144, 29, 'Charlie Hill');
INSERT INTO rocmovies.roles (id, actor_id, movie_id, name) VALUES (134, 35, 30, 'Morgan Wells');
INSERT INTO rocmovies.roles (id, actor_id, movie_id, name) VALUES (135, 19, 30, 'Sam Cole');
INSERT INTO rocmovies.roles (id, actor_id, movie_id, name) VALUES (136, 116, 30, 'Casey Jones');
INSERT INTO rocmovies.roles (id, actor_id, movie_id, name) VALUES (137, 77, 31, 'Taylor Jones');
INSERT INTO rocmovies.roles (id, actor_id, movie_id, name) VALUES (138, 41, 31, 'Taylor Brooks');
INSERT INTO rocmovies.roles (id, actor_id, movie_id, name) VALUES (139, 45, 31, 'Taylor Wells');
INSERT INTO rocmovies.roles (id, actor_id, movie_id, name) VALUES (140, 93, 31, 'Alex Cole');
INSERT INTO rocmovies.roles (id, actor_id, movie_id, name) VALUES (141, 131, 31, 'Jamie Cole');
INSERT INTO rocmovies.roles (id, actor_id, movie_id, name) VALUES (142, 142, 32, 'Riley Wells');
INSERT INTO rocmovies.roles (id, actor_id, movie_id, name) VALUES (143, 34, 32, 'Jamie Fox');
INSERT INTO rocmovies.roles (id, actor_id, movie_id, name) VALUES (144, 157, 32, 'Riley Jones');
INSERT INTO rocmovies.roles (id, actor_id, movie_id, name) VALUES (145, 23, 32, 'Morgan Cole');
INSERT INTO rocmovies.roles (id, actor_id, movie_id, name) VALUES (146, 17, 32, 'Sam Wells');
INSERT INTO rocmovies.roles (id, actor_id, movie_id, name) VALUES (147, 80, 32, 'Charlie Cole');
INSERT INTO rocmovies.roles (id, actor_id, movie_id, name) VALUES (148, 142, 33, 'Riley Smith');
INSERT INTO rocmovies.roles (id, actor_id, movie_id, name) VALUES (149, 151, 33, 'Sam Brooks');
INSERT INTO rocmovies.roles (id, actor_id, movie_id, name) VALUES (150, 47, 33, 'Jordan Brooks');
INSERT INTO rocmovies.roles (id, actor_id, movie_id, name) VALUES (151, 34, 33, 'Morgan Cole');
INSERT INTO rocmovies.roles (id, actor_id, movie_id, name) VALUES (152, 89, 34, 'Jordan Hill');
INSERT INTO rocmovies.roles (id, actor_id, movie_id, name) VALUES (153, 133, 34, 'Jamie Reed');
INSERT INTO rocmovies.roles (id, actor_id, movie_id, name) VALUES (154, 73, 34, 'Morgan Reed');
INSERT INTO rocmovies.roles (id, actor_id, movie_id, name) VALUES (155, 21, 34, 'Lee Jones');
INSERT INTO rocmovies.roles (id, actor_id, movie_id, name) VALUES (156, 152, 35, 'Lee Cole');
INSERT INTO rocmovies.roles (id, actor_id, movie_id, name) VALUES (157, 149, 35, 'Lee Smith');
INSERT INTO rocmovies.roles (id, actor_id, movie_id, name) VALUES (158, 40, 35, 'Alex Jones');
INSERT INTO rocmovies.roles (id, actor_id, movie_id, name) VALUES (159, 44, 35, 'Alex Reed');
INSERT INTO rocmovies.roles (id, actor_id, movie_id, name) VALUES (160, 147, 36, 'Charlie Reed');
INSERT INTO rocmovies.roles (id, actor_id, movie_id, name) VALUES (161, 107, 36, 'Jordan Wells');
INSERT INTO rocmovies.roles (id, actor_id, movie_id, name) VALUES (162, 159, 36, 'Taylor Fox');
INSERT INTO rocmovies.roles (id, actor_id, movie_id, name) VALUES (163, 8, 36, 'Jordan Wells');
INSERT INTO rocmovies.roles (id, actor_id, movie_id, name) VALUES (164, 16, 37, 'Riley Wells');
INSERT INTO rocmovies.roles (id, actor_id, movie_id, name) VALUES (165, 41, 37, 'Charlie Hill');
INSERT INTO rocmovies.roles (id, actor_id, movie_id, name) VALUES (166, 113, 37, 'Casey Brooks');
INSERT INTO rocmovies.roles (id, actor_id, movie_id, name) VALUES (167, 82, 38, 'Jamie Jones');
INSERT INTO rocmovies.roles (id, actor_id, movie_id, name) VALUES (168, 89, 38, 'Casey Hill');
INSERT INTO rocmovies.roles (id, actor_id, movie_id, name) VALUES (169, 103, 38, 'Charlie Jones');
INSERT INTO rocmovies.roles (id, actor_id, movie_id, name) VALUES (170, 34, 38, 'Jordan Wells');
INSERT INTO rocmovies.roles (id, actor_id, movie_id, name) VALUES (171, 95, 38, 'Taylor Brooks');
INSERT INTO rocmovies.roles (id, actor_id, movie_id, name) VALUES (172, 13, 39, 'Lee Fox');
INSERT INTO rocmovies.roles (id, actor_id, movie_id, name) VALUES (173, 75, 39, 'Taylor Brooks');
INSERT INTO rocmovies.roles (id, actor_id, movie_id, name) VALUES (174, 99, 39, 'Casey Cole');
INSERT INTO rocmovies.roles (id, actor_id, movie_id, name) VALUES (175, 41, 40, 'Charlie Reed');
INSERT INTO rocmovies.roles (id, actor_id, movie_id, name) VALUES (176, 128, 40, 'Charlie Smith');
INSERT INTO rocmovies.roles (id, actor_id, movie_id, name) VALUES (177, 132, 40, 'Sam Fox');
INSERT INTO rocmovies.roles (id, actor_id, movie_id, name) VALUES (178, 120, 40, 'Jamie Wells');
INSERT INTO rocmovies.roles (id, actor_id, movie_id, name) VALUES (179, 56, 41, 'Alex Reed');
INSERT INTO rocmovies.roles (id, actor_id, movie_id, name) VALUES (180, 150, 41, 'Charlie Wells');
INSERT INTO rocmovies.roles (id, actor_id, movie_id, name) VALUES (181, 91, 41, 'Jordan Smith');
INSERT INTO rocmovies.roles (id, actor_id, movie_id, name) VALUES (182, 13, 41, 'Sam Fox');
INSERT INTO rocmovies.roles (id, actor_id, movie_id, name) VALUES (183, 68, 42, 'Riley Smith');
INSERT INTO rocmovies.roles (id, actor_id, movie_id, name) VALUES (184, 94, 42, 'Lee Hill');
INSERT INTO rocmovies.roles (id, actor_id, movie_id, name) VALUES (185, 104, 42, 'Casey Reed');
INSERT INTO rocmovies.roles (id, actor_id, movie_id, name) VALUES (186, 12, 42, 'Sam Fox');
INSERT INTO rocmovies.roles (id, actor_id, movie_id, name) VALUES (187, 141, 43, 'Sam Fox');
INSERT INTO rocmovies.roles (id, actor_id, movie_id, name) VALUES (188, 72, 43, 'Casey Cole');
INSERT INTO rocmovies.roles (id, actor_id, movie_id, name) VALUES (189, 160, 43, 'Jamie Cole');
INSERT INTO rocmovies.roles (id, actor_id, movie_id, name) VALUES (190, 157, 43, 'Morgan Hill');
INSERT INTO rocmovies.roles (id, actor_id, movie_id, name) VALUES (191, 31, 43, 'Lee Fox');
INSERT INTO rocmovies.roles (id, actor_id, movie_id, name) VALUES (192, 33, 43, 'Jamie Smith');
INSERT INTO rocmovies.roles (id, actor_id, movie_id, name) VALUES (193, 10, 44, 'Charlie Wells');
INSERT INTO rocmovies.roles (id, actor_id, movie_id, name) VALUES (194, 36, 44, 'Morgan Brooks');
INSERT INTO rocmovies.roles (id, actor_id, movie_id, name) VALUES (195, 86, 44, 'Casey Cole');
INSERT INTO rocmovies.roles (id, actor_id, movie_id, name) VALUES (196, 101, 45, 'Casey Wells');
INSERT INTO rocmovies.roles (id, actor_id, movie_id, name) VALUES (197, 158, 45, 'Lee Reed');
INSERT INTO rocmovies.roles (id, actor_id, movie_id, name) VALUES (198, 77, 45, 'Charlie Smith');
INSERT INTO rocmovies.roles (id, actor_id, movie_id, name) VALUES (199, 152, 45, 'Casey Cole');
INSERT INTO rocmovies.roles (id, actor_id, movie_id, name) VALUES (200, 107, 46, 'Alex Wells');
INSERT INTO rocmovies.roles (id, actor_id, movie_id, name) VALUES (201, 150, 46, 'Jordan Hill');
INSERT INTO rocmovies.roles (id, actor_id, movie_id, name) VALUES (202, 79, 46, 'Alex Wells');
INSERT INTO rocmovies.roles (id, actor_id, movie_id, name) VALUES (203, 135, 47, 'Taylor Smith');
INSERT INTO rocmovies.roles (id, actor_id, movie_id, name) VALUES (204, 159, 47, 'Lee Jones');
INSERT INTO rocmovies.roles (id, actor_id, movie_id, name) VALUES (205, 98, 47, 'Taylor Smith');
INSERT INTO rocmovies.roles (id, actor_id, movie_id, name) VALUES (206, 38, 47, 'Charlie Cole');
INSERT INTO rocmovies.roles (id, actor_id, movie_id, name) VALUES (207, 39, 48, 'Alex Brooks');
INSERT INTO rocmovies.roles (id, actor_id, movie_id, name) VALUES (208, 106, 48, 'Jamie Hill');
INSERT INTO rocmovies.roles (id, actor_id, movie_id, name) VALUES (209, 53, 48, 'Jamie Cole');
INSERT INTO rocmovies.roles (id, actor_id, movie_id, name) VALUES (210, 129, 48, 'Charlie Fox');
INSERT INTO rocmovies.roles (id, actor_id, movie_id, name) VALUES (211, 157, 48, 'Casey Brooks');
INSERT INTO rocmovies.roles (id, actor_id, movie_id, name) VALUES (212, 121, 48, 'Charlie Cole');
INSERT INTO rocmovies.roles (id, actor_id, movie_id, name) VALUES (213, 68, 49, 'Jordan Reed');
INSERT INTO rocmovies.roles (id, actor_id, movie_id, name) VALUES (214, 157, 49, 'Taylor Reed');
INSERT INTO rocmovies.roles (id, actor_id, movie_id, name) VALUES (215, 124, 49, 'Jordan Hill');
INSERT INTO rocmovies.roles (id, actor_id, movie_id, name) VALUES (216, 50, 49, 'Charlie Cole');
INSERT INTO rocmovies.roles (id, actor_id, movie_id, name) VALUES (217, 64, 49, 'Charlie Cole');
INSERT INTO rocmovies.roles (id, actor_id, movie_id, name) VALUES (218, 74, 50, 'Riley Cole');
INSERT INTO rocmovies.roles (id, actor_id, movie_id, name) VALUES (219, 32, 50, 'Morgan Reed');
INSERT INTO rocmovies.roles (id, actor_id, movie_id, name) VALUES (220, 147, 50, 'Alex Reed');
INSERT INTO rocmovies.roles (id, actor_id, movie_id, name) VALUES (221, 140, 50, 'Sam Cole');
INSERT INTO rocmovies.roles (id, actor_id, movie_id, name) VALUES (222, 98, 50, 'Charlie Reed');
INSERT INTO rocmovies.roles (id, actor_id, movie_id, name) VALUES (223, 55, 51, 'Sam Hill');
INSERT INTO rocmovies.roles (id, actor_id, movie_id, name) VALUES (224, 52, 51, 'Taylor Smith');
INSERT INTO rocmovies.roles (id, actor_id, movie_id, name) VALUES (225, 138, 51, 'Jamie Hill');
INSERT INTO rocmovies.roles (id, actor_id, movie_id, name) VALUES (226, 70, 51, 'Taylor Smith');
INSERT INTO rocmovies.roles (id, actor_id, movie_id, name) VALUES (227, 144, 51, 'Sam Fox');
INSERT INTO rocmovies.roles (id, actor_id, movie_id, name) VALUES (228, 36, 51, 'Casey Wells');
INSERT INTO rocmovies.roles (id, actor_id, movie_id, name) VALUES (229, 36, 52, 'Morgan Fox');
INSERT INTO rocmovies.roles (id, actor_id, movie_id, name) VALUES (230, 2, 52, 'Charlie Wells');
INSERT INTO rocmovies.roles (id, actor_id, movie_id, name) VALUES (231, 141, 52, 'Taylor Reed');
INSERT INTO rocmovies.roles (id, actor_id, movie_id, name) VALUES (232, 74, 53, 'Jamie Smith');
INSERT INTO rocmovies.roles (id, actor_id, movie_id, name) VALUES (233, 16, 53, 'Morgan Fox');
INSERT INTO rocmovies.roles (id, actor_id, movie_id, name) VALUES (234, 23, 53, 'Morgan Smith');
INSERT INTO rocmovies.roles (id, actor_id, movie_id, name) VALUES (235, 147, 53, 'Riley Wells');
INSERT INTO rocmovies.roles (id, actor_id, movie_id, name) VALUES (236, 60, 53, 'Morgan Reed');
INSERT INTO rocmovies.roles (id, actor_id, movie_id, name) VALUES (237, 3, 54, 'Lee Jones');
INSERT INTO rocmovies.roles (id, actor_id, movie_id, name) VALUES (238, 77, 54, 'Casey Reed');
INSERT INTO rocmovies.roles (id, actor_id, movie_id, name) VALUES (239, 146, 54, 'Charlie Wells');
INSERT INTO rocmovies.roles (id, actor_id, movie_id, name) VALUES (240, 130, 55, 'Sam Cole');
INSERT INTO rocmovies.roles (id, actor_id, movie_id, name) VALUES (241, 120, 55, 'Morgan Wells');
INSERT INTO rocmovies.roles (id, actor_id, movie_id, name) VALUES (242, 70, 55, 'Jordan Brooks');
INSERT INTO rocmovies.roles (id, actor_id, movie_id, name) VALUES (243, 50, 55, 'Alex Cole');
INSERT INTO rocmovies.roles (id, actor_id, movie_id, name) VALUES (244, 146, 56, 'Riley Cole');
INSERT INTO rocmovies.roles (id, actor_id, movie_id, name) VALUES (245, 50, 56, 'Sam Fox');
INSERT INTO rocmovies.roles (id, actor_id, movie_id, name) VALUES (246, 45, 56, 'Sam Brooks');
INSERT INTO rocmovies.roles (id, actor_id, movie_id, name) VALUES (247, 157, 56, 'Morgan Wells');
INSERT INTO rocmovies.roles (id, actor_id, movie_id, name) VALUES (248, 104, 56, 'Casey Hill');
INSERT INTO rocmovies.roles (id, actor_id, movie_id, name) VALUES (249, 67, 57, 'Charlie Reed');
INSERT INTO rocmovies.roles (id, actor_id, movie_id, name) VALUES (250, 99, 57, 'Casey Reed');
INSERT INTO rocmovies.roles (id, actor_id, movie_id, name) VALUES (251, 61, 57, 'Lee Smith');
INSERT INTO rocmovies.roles (id, actor_id, movie_id, name) VALUES (252, 93, 58, 'Jordan Brooks');
INSERT INTO rocmovies.roles (id, actor_id, movie_id, name) VALUES (253, 61, 58, 'Riley Reed');
INSERT INTO rocmovies.roles (id, actor_id, movie_id, name) VALUES (254, 16, 58, 'Sam Reed');
INSERT INTO rocmovies.roles (id, actor_id, movie_id, name) VALUES (255, 31, 58, 'Casey Hill');
INSERT INTO rocmovies.roles (id, actor_id, movie_id, name) VALUES (256, 120, 58, 'Taylor Brooks');
INSERT INTO rocmovies.roles (id, actor_id, movie_id, name) VALUES (257, 40, 59, 'Charlie Hill');
INSERT INTO rocmovies.roles (id, actor_id, movie_id, name) VALUES (258, 117, 59, 'Taylor Jones');
INSERT INTO rocmovies.roles (id, actor_id, movie_id, name) VALUES (259, 156, 59, 'Jamie Wells');
INSERT INTO rocmovies.roles (id, actor_id, movie_id, name) VALUES (260, 96, 59, 'Jamie Cole');
INSERT INTO rocmovies.roles (id, actor_id, movie_id, name) VALUES (261, 107, 59, 'Sam Jones');
INSERT INTO rocmovies.roles (id, actor_id, movie_id, name) VALUES (262, 141, 59, 'Alex Hill');
INSERT INTO rocmovies.roles (id, actor_id, movie_id, name) VALUES (263, 43, 60, 'Sam Hill');
INSERT INTO rocmovies.roles (id, actor_id, movie_id, name) VALUES (264, 84, 60, 'Lee Wells');
INSERT INTO rocmovies.roles (id, actor_id, movie_id, name) VALUES (265, 134, 60, 'Sam Wells');
INSERT INTO rocmovies.roles (id, actor_id, movie_id, name) VALUES (266, 114, 60, 'Alex Wells');

-- borrows
INSERT INTO rocmovies.borrows (id, customer_id, movie_id, date, status) VALUES (1, 9, 33, '2021-07-14 16:18:04.478987', 'returned');
INSERT INTO rocmovies.borrows (id, customer_id, movie_id, date, status) VALUES (2, 36, 30, '2023-09-22 05:11:46.846112', 'returned');
INSERT INTO rocmovies.borrows (id, customer_id, movie_id, date, status) VALUES (3, 2, 26, '2020-03-01 13:42:19.856113', 'borrowed');
INSERT INTO rocmovies.borrows (id, customer_id, movie_id, date, status) VALUES (4, 14, 38, '2018-08-15 21:28:34.047489', 'returned');
INSERT INTO rocmovies.borrows (id, customer_id, movie_id, date, status) VALUES (5, 45, 5, '2022-08-09 08:04:31.063182', 'late');
INSERT INTO rocmovies.borrows (id, customer_id, movie_id, date, status) VALUES (6, 5, 60, '2022-01-06 16:10:48.033276', 'returned');
INSERT INTO rocmovies.borrows (id, customer_id, movie_id, date, status) VALUES (7, 12, 50, '2019-02-25 18:18:29.803028', 'returned');
INSERT INTO rocmovies.borrows (id, customer_id, movie_id, date, status) VALUES (8, 42, 27, '2021-03-09 09:49:47.934631', 'returned');
INSERT INTO rocmovies.borrows (id, customer_id, movie_id, date, status) VALUES (9, 25, 25, '2018-09-07 07:52:23.715894', 'late');
INSERT INTO rocmovies.borrows (id, customer_id, movie_id, date, status) VALUES (10, 35, 9, '2023-07-24 11:02:02.902075', 'returned');
INSERT INTO rocmovies.borrows (id, customer_id, movie_id, date, status) VALUES (11, 12, 35, '2021-05-06 04:34:32.554531', 'borrowed');
INSERT INTO rocmovies.borrows (id, customer_id, movie_id, date, status) VALUES (12, 15, 54, '2018-01-11 18:59:14.792911', 'borrowed');
INSERT INTO rocmovies.borrows (id, customer_id, movie_id, date, status) VALUES (13, 20, 30, '2023-09-24 11:47:20.754024', 'returned');
INSERT INTO rocmovies.borrows (id, customer_id, movie_id, date, status) VALUES (14, 35, 25, '2025-01-02 02:12:15.240820', 'returned');
INSERT INTO rocmovies.borrows (id, customer_id, movie_id, date, status) VALUES (15, 23, 10, '2020-05-06 09:56:01.197636', 'late');
INSERT INTO rocmovies.borrows (id, customer_id, movie_id, date, status) VALUES (16, 8, 3, '2024-11-19 23:04:04.692267', 'returned');
INSERT INTO rocmovies.borrows (id, customer_id, movie_id, date, status) VALUES (17, 2, 16, '2019-10-03 06:33:34.070559', 'borrowed');
INSERT INTO rocmovies.borrows (id, customer_id, movie_id, date, status) VALUES (18, 3, 29, '2023-02-01 06:04:20.704667', 'returned');
INSERT INTO rocmovies.borrows (id, customer_id, movie_id, date, status) VALUES (19, 4, 16, '2024-04-19 18:44:42.046385', 'returned');
INSERT INTO rocmovies.borrows (id, customer_id, movie_id, date, status) VALUES (20, 15, 35, '2019-11-07 00:45:58.791030', 'returned');
INSERT INTO rocmovies.borrows (id, customer_id, movie_id, date, status) VALUES (21, 4, 9, '2022-04-15 13:11:51.303314', 'returned');
INSERT INTO rocmovies.borrows (id, customer_id, movie_id, date, status) VALUES (22, 37, 21, '2022-11-30 03:38:34.626962', 'returned');
INSERT INTO rocmovies.borrows (id, customer_id, movie_id, date, status) VALUES (23, 21, 16, '2020-07-26 13:11:13.918823', 'borrowed');
INSERT INTO rocmovies.borrows (id, customer_id, movie_id, date, status) VALUES (24, 43, 34, '2019-11-18 18:08:29.433649', 'returned');
INSERT INTO rocmovies.borrows (id, customer_id, movie_id, date, status) VALUES (25, 4, 36, '2023-01-13 05:53:53.922446', 'returned');
INSERT INTO rocmovies.borrows (id, customer_id, movie_id, date, status) VALUES (26, 12, 41, '2023-10-10 19:16:39.447952', 'returned');
INSERT INTO rocmovies.borrows (id, customer_id, movie_id, date, status) VALUES (27, 4, 23, '2023-06-22 17:07:20.703953', 'returned');
INSERT INTO rocmovies.borrows (id, customer_id, movie_id, date, status) VALUES (28, 34, 21, '2023-12-04 08:31:04.436548', 'returned');
INSERT INTO rocmovies.borrows (id, customer_id, movie_id, date, status) VALUES (29, 20, 25, '2019-07-26 07:00:37.791062', 'returned');
INSERT INTO rocmovies.borrows (id, customer_id, movie_id, date, status) VALUES (30, 16, 55, '2019-12-02 02:54:26.315344', 'returned');
INSERT INTO rocmovies.borrows (id, customer_id, movie_id, date, status) VALUES (31, 10, 52, '2021-12-09 13:39:29.959175', 'borrowed');
INSERT INTO rocmovies.borrows (id, customer_id, movie_id, date, status) VALUES (32, 27, 27, '2022-09-28 10:18:44.555736', 'borrowed');
INSERT INTO rocmovies.borrows (id, customer_id, movie_id, date, status) VALUES (33, 16, 17, '2019-09-24 17:53:08.346305', 'returned');
INSERT INTO rocmovies.borrows (id, customer_id, movie_id, date, status) VALUES (34, 29, 55, '2021-02-26 21:32:36.096955', 'returned');
INSERT INTO rocmovies.borrows (id, customer_id, movie_id, date, status) VALUES (35, 13, 4, '2020-04-14 01:56:48.395489', 'returned');
INSERT INTO rocmovies.borrows (id, customer_id, movie_id, date, status) VALUES (36, 39, 3, '2025-06-07 05:51:46.076319', 'returned');
INSERT INTO rocmovies.borrows (id, customer_id, movie_id, date, status) VALUES (37, 38, 47, '2023-09-18 02:58:47.585997', 'returned');
INSERT INTO rocmovies.borrows (id, customer_id, movie_id, date, status) VALUES (38, 14, 56, '2025-09-19 01:16:10.349138', 'returned');
INSERT INTO rocmovies.borrows (id, customer_id, movie_id, date, status) VALUES (39, 1, 14, '2025-12-21 15:41:49.199254', 'late');
INSERT INTO rocmovies.borrows (id, customer_id, movie_id, date, status) VALUES (40, 8, 48, '2024-06-01 14:58:36.502184', 'late');
INSERT INTO rocmovies.borrows (id, customer_id, movie_id, date, status) VALUES (41, 45, 39, '2023-12-27 12:47:21.214447', 'returned');
INSERT INTO rocmovies.borrows (id, customer_id, movie_id, date, status) VALUES (42, 16, 36, '2020-09-26 05:21:11.813185', 'returned');
INSERT INTO rocmovies.borrows (id, customer_id, movie_id, date, status) VALUES (43, 30, 35, '2023-07-09 12:10:09.376710', 'returned');
INSERT INTO rocmovies.borrows (id, customer_id, movie_id, date, status) VALUES (44, 24, 33, '2025-07-05 19:13:48.521433', 'returned');
INSERT INTO rocmovies.borrows (id, customer_id, movie_id, date, status) VALUES (45, 31, 49, '2025-02-21 22:53:43.335788', 'late');
INSERT INTO rocmovies.borrows (id, customer_id, movie_id, date, status) VALUES (46, 24, 21, '2021-07-10 00:52:15.047936', 'returned');
INSERT INTO rocmovies.borrows (id, customer_id, movie_id, date, status) VALUES (47, 15, 48, '2019-03-30 08:47:10.017007', 'returned');
INSERT INTO rocmovies.borrows (id, customer_id, movie_id, date, status) VALUES (48, 38, 38, '2024-02-15 23:58:52.437862', 'returned');
INSERT INTO rocmovies.borrows (id, customer_id, movie_id, date, status) VALUES (49, 13, 22, '2019-12-16 15:25:54.398290', 'returned');
INSERT INTO rocmovies.borrows (id, customer_id, movie_id, date, status) VALUES (50, 16, 32, '2022-09-07 18:52:59.686406', 'late');
INSERT INTO rocmovies.borrows (id, customer_id, movie_id, date, status) VALUES (51, 22, 17, '2024-06-29 16:17:36.861501', 'returned');
INSERT INTO rocmovies.borrows (id, customer_id, movie_id, date, status) VALUES (52, 42, 48, '2022-03-05 05:27:28.483214', 'returned');
INSERT INTO rocmovies.borrows (id, customer_id, movie_id, date, status) VALUES (53, 23, 11, '2019-03-11 20:03:50.755303', 'returned');
INSERT INTO rocmovies.borrows (id, customer_id, movie_id, date, status) VALUES (54, 12, 59, '2025-07-26 03:49:33.568471', 'late');
INSERT INTO rocmovies.borrows (id, customer_id, movie_id, date, status) VALUES (55, 4, 34, '2018-04-16 02:04:55.879827', 'returned');
INSERT INTO rocmovies.borrows (id, customer_id, movie_id, date, status) VALUES (56, 43, 4, '2024-07-02 17:14:07.006693', 'returned');
INSERT INTO rocmovies.borrows (id, customer_id, movie_id, date, status) VALUES (57, 41, 15, '2018-07-31 04:03:24.741521', 'returned');
INSERT INTO rocmovies.borrows (id, customer_id, movie_id, date, status) VALUES (58, 14, 33, '2021-11-17 18:32:41.391329', 'borrowed');
INSERT INTO rocmovies.borrows (id, customer_id, movie_id, date, status) VALUES (59, 41, 43, '2025-12-11 12:54:30.646467', 'late');
INSERT INTO rocmovies.borrows (id, customer_id, movie_id, date, status) VALUES (60, 43, 32, '2018-02-18 21:02:44.006933', 'returned');
INSERT INTO rocmovies.borrows (id, customer_id, movie_id, date, status) VALUES (61, 27, 1, '2018-02-21 23:11:30.555134', 'returned');
INSERT INTO rocmovies.borrows (id, customer_id, movie_id, date, status) VALUES (62, 35, 19, '2018-02-23 06:14:40.526611', 'returned');
INSERT INTO rocmovies.borrows (id, customer_id, movie_id, date, status) VALUES (63, 44, 28, '2024-11-09 16:13:13.985359', 'late');
INSERT INTO rocmovies.borrows (id, customer_id, movie_id, date, status) VALUES (64, 7, 59, '2018-10-27 05:41:02.549857', 'borrowed');
INSERT INTO rocmovies.borrows (id, customer_id, movie_id, date, status) VALUES (65, 13, 40, '2022-06-24 15:24:13.264679', 'returned');
INSERT INTO rocmovies.borrows (id, customer_id, movie_id, date, status) VALUES (66, 18, 51, '2021-05-18 02:44:32.082857', 'returned');
INSERT INTO rocmovies.borrows (id, customer_id, movie_id, date, status) VALUES (67, 26, 30, '2022-10-22 09:36:59.255021', 'late');
INSERT INTO rocmovies.borrows (id, customer_id, movie_id, date, status) VALUES (68, 15, 20, '2023-10-27 05:50:25.868286', 'returned');
INSERT INTO rocmovies.borrows (id, customer_id, movie_id, date, status) VALUES (69, 42, 55, '2023-07-13 03:38:32.796483', 'borrowed');
INSERT INTO rocmovies.borrows (id, customer_id, movie_id, date, status) VALUES (70, 26, 25, '2021-03-17 19:48:05.579549', 'returned');
INSERT INTO rocmovies.borrows (id, customer_id, movie_id, date, status) VALUES (71, 41, 1, '2023-12-24 15:55:59.179708', 'borrowed');
INSERT INTO rocmovies.borrows (id, customer_id, movie_id, date, status) VALUES (72, 28, 42, '2024-09-02 23:20:12.347362', 'returned');
INSERT INTO rocmovies.borrows (id, customer_id, movie_id, date, status) VALUES (73, 7, 58, '2022-06-29 22:24:10.963800', 'borrowed');
INSERT INTO rocmovies.borrows (id, customer_id, movie_id, date, status) VALUES (74, 14, 58, '2025-05-21 03:29:12.725916', 'returned');
INSERT INTO rocmovies.borrows (id, customer_id, movie_id, date, status) VALUES (75, 31, 18, '2018-05-25 15:54:43.969051', 'borrowed');
INSERT INTO rocmovies.borrows (id, customer_id, movie_id, date, status) VALUES (76, 18, 58, '2022-08-15 03:18:13.590882', 'returned');
INSERT INTO rocmovies.borrows (id, customer_id, movie_id, date, status) VALUES (77, 12, 60, '2025-03-27 04:28:40.329761', 'borrowed');
INSERT INTO rocmovies.borrows (id, customer_id, movie_id, date, status) VALUES (78, 14, 38, '2019-03-24 23:42:07.788795', 'returned');
INSERT INTO rocmovies.borrows (id, customer_id, movie_id, date, status) VALUES (79, 26, 60, '2018-08-28 00:52:30.313814', 'returned');
INSERT INTO rocmovies.borrows (id, customer_id, movie_id, date, status) VALUES (80, 16, 37, '2025-02-06 04:03:22.890704', 'returned');
INSERT INTO rocmovies.borrows (id, customer_id, movie_id, date, status) VALUES (81, 35, 22, '2021-04-07 13:38:53.792313', 'returned');
INSERT INTO rocmovies.borrows (id, customer_id, movie_id, date, status) VALUES (82, 45, 47, '2018-09-01 15:59:32.525119', 'returned');
INSERT INTO rocmovies.borrows (id, customer_id, movie_id, date, status) VALUES (83, 23, 4, '2018-10-31 11:58:48.458320', 'returned');
INSERT INTO rocmovies.borrows (id, customer_id, movie_id, date, status) VALUES (84, 5, 22, '2023-02-24 04:39:06.806360', 'returned');
INSERT INTO rocmovies.borrows (id, customer_id, movie_id, date, status) VALUES (85, 39, 26, '2024-07-31 08:26:06.342230', 'borrowed');
INSERT INTO rocmovies.borrows (id, customer_id, movie_id, date, status) VALUES (86, 18, 51, '2021-10-31 19:27:26.514435', 'returned');
INSERT INTO rocmovies.borrows (id, customer_id, movie_id, date, status) VALUES (87, 36, 25, '2021-09-03 16:55:00.194760', 'returned');
INSERT INTO rocmovies.borrows (id, customer_id, movie_id, date, status) VALUES (88, 43, 25, '2018-09-24 05:48:59.809676', 'returned');
INSERT INTO rocmovies.borrows (id, customer_id, movie_id, date, status) VALUES (89, 16, 46, '2018-08-17 09:03:20.086023', 'returned');
INSERT INTO rocmovies.borrows (id, customer_id, movie_id, date, status) VALUES (90, 25, 46, '2024-09-01 11:05:45.664693', 'returned');
INSERT INTO rocmovies.borrows (id, customer_id, movie_id, date, status) VALUES (91, 25, 21, '2021-01-25 15:45:31.111726', 'borrowed');
INSERT INTO rocmovies.borrows (id, customer_id, movie_id, date, status) VALUES (92, 20, 29, '2021-01-23 05:23:36.798329', 'returned');
INSERT INTO rocmovies.borrows (id, customer_id, movie_id, date, status) VALUES (93, 9, 6, '2019-08-06 04:56:39.451914', 'returned');
INSERT INTO rocmovies.borrows (id, customer_id, movie_id, date, status) VALUES (94, 36, 33, '2021-06-21 17:58:44.108310', 'borrowed');
INSERT INTO rocmovies.borrows (id, customer_id, movie_id, date, status) VALUES (95, 23, 36, '2018-10-17 03:22:27.625920', 'returned');
INSERT INTO rocmovies.borrows (id, customer_id, movie_id, date, status) VALUES (96, 21, 56, '2021-04-11 21:25:17.012940', 'returned');
INSERT INTO rocmovies.borrows (id, customer_id, movie_id, date, status) VALUES (97, 25, 50, '2018-09-21 03:39:12.760053', 'late');
INSERT INTO rocmovies.borrows (id, customer_id, movie_id, date, status) VALUES (98, 16, 37, '2022-06-08 00:22:13.177820', 'returned');
INSERT INTO rocmovies.borrows (id, customer_id, movie_id, date, status) VALUES (99, 11, 9, '2020-04-15 12:03:05.315759', 'returned');
INSERT INTO rocmovies.borrows (id, customer_id, movie_id, date, status) VALUES (100, 10, 5, '2019-06-04 11:53:14.455791', 'returned');
INSERT INTO rocmovies.borrows (id, customer_id, movie_id, date, status) VALUES (101, 20, 31, '2024-08-28 15:51:13.080657', 'returned');
INSERT INTO rocmovies.borrows (id, customer_id, movie_id, date, status) VALUES (102, 16, 47, '2023-04-26 21:53:22.519886', 'returned');
INSERT INTO rocmovies.borrows (id, customer_id, movie_id, date, status) VALUES (103, 13, 30, '2018-11-29 08:26:17.142071', 'returned');
INSERT INTO rocmovies.borrows (id, customer_id, movie_id, date, status) VALUES (104, 26, 22, '2025-02-27 19:14:32.650318', 'returned');
INSERT INTO rocmovies.borrows (id, customer_id, movie_id, date, status) VALUES (105, 22, 29, '2020-11-05 23:44:30.451533', 'returned');
INSERT INTO rocmovies.borrows (id, customer_id, movie_id, date, status) VALUES (106, 42, 39, '2019-02-27 22:10:35.315029', 'returned');
INSERT INTO rocmovies.borrows (id, customer_id, movie_id, date, status) VALUES (107, 45, 13, '2022-01-28 05:33:18.329445', 'returned');
INSERT INTO rocmovies.borrows (id, customer_id, movie_id, date, status) VALUES (108, 26, 21, '2020-06-24 11:56:57.770571', 'returned');
INSERT INTO rocmovies.borrows (id, customer_id, movie_id, date, status) VALUES (109, 32, 37, '2024-08-26 12:14:07.254200', 'returned');
INSERT INTO rocmovies.borrows (id, customer_id, movie_id, date, status) VALUES (110, 18, 53, '2024-09-07 14:27:21.412022', 'returned');
INSERT INTO rocmovies.borrows (id, customer_id, movie_id, date, status) VALUES (111, 37, 13, '2023-01-14 23:38:52.572133', 'returned');
INSERT INTO rocmovies.borrows (id, customer_id, movie_id, date, status) VALUES (112, 36, 2, '2024-03-09 08:57:31.484045', 'late');
INSERT INTO rocmovies.borrows (id, customer_id, movie_id, date, status) VALUES (113, 14, 29, '2024-10-14 07:44:36.305482', 'returned');
INSERT INTO rocmovies.borrows (id, customer_id, movie_id, date, status) VALUES (114, 5, 53, '2025-03-18 23:38:58.834306', 'returned');
INSERT INTO rocmovies.borrows (id, customer_id, movie_id, date, status) VALUES (115, 44, 32, '2019-03-09 09:56:50.664100', 'returned');
INSERT INTO rocmovies.borrows (id, customer_id, movie_id, date, status) VALUES (116, 17, 43, '2019-04-24 21:45:08.749979', 'returned');
INSERT INTO rocmovies.borrows (id, customer_id, movie_id, date, status) VALUES (117, 25, 5, '2021-10-27 04:50:29.626979', 'returned');
INSERT INTO rocmovies.borrows (id, customer_id, movie_id, date, status) VALUES (118, 26, 35, '2022-04-23 23:46:35.968355', 'late');
INSERT INTO rocmovies.borrows (id, customer_id, movie_id, date, status) VALUES (119, 45, 27, '2022-08-17 01:07:28.038551', 'returned');
INSERT INTO rocmovies.borrows (id, customer_id, movie_id, date, status) VALUES (120, 24, 45, '2025-08-14 05:25:56.851755', 'returned');
INSERT INTO rocmovies.borrows (id, customer_id, movie_id, date, status) VALUES (121, 41, 59, '2018-09-22 00:42:44.114682', 'returned');
INSERT INTO rocmovies.borrows (id, customer_id, movie_id, date, status) VALUES (122, 43, 43, '2021-01-07 23:22:34.174418', 'returned');
INSERT INTO rocmovies.borrows (id, customer_id, movie_id, date, status) VALUES (123, 3, 37, '2023-06-28 01:00:45.710380', 'returned');
INSERT INTO rocmovies.borrows (id, customer_id, movie_id, date, status) VALUES (124, 22, 51, '2021-08-30 09:05:30.111090', 'borrowed');
INSERT INTO rocmovies.borrows (id, customer_id, movie_id, date, status) VALUES (125, 17, 15, '2022-05-06 14:46:48.783132', 'returned');
INSERT INTO rocmovies.borrows (id, customer_id, movie_id, date, status) VALUES (126, 38, 45, '2022-11-23 04:39:37.231768', 'returned');
INSERT INTO rocmovies.borrows (id, customer_id, movie_id, date, status) VALUES (127, 26, 30, '2024-07-27 14:00:38.712565', 'returned');
INSERT INTO rocmovies.borrows (id, customer_id, movie_id, date, status) VALUES (128, 33, 10, '2020-12-07 18:37:57.025755', 'returned');
INSERT INTO rocmovies.borrows (id, customer_id, movie_id, date, status) VALUES (129, 19, 27, '2025-10-31 00:59:58.090025', 'borrowed');
INSERT INTO rocmovies.borrows (id, customer_id, movie_id, date, status) VALUES (130, 10, 23, '2020-08-27 00:13:47.359731', 'returned');
INSERT INTO rocmovies.borrows (id, customer_id, movie_id, date, status) VALUES (131, 14, 34, '2022-02-09 09:34:21.365219', 'returned');
INSERT INTO rocmovies.borrows (id, customer_id, movie_id, date, status) VALUES (132, 29, 47, '2023-12-05 18:26:05.474425', 'returned');
INSERT INTO rocmovies.borrows (id, customer_id, movie_id, date, status) VALUES (133, 20, 3, '2024-11-22 03:50:31.745305', 'borrowed');
INSERT INTO rocmovies.borrows (id, customer_id, movie_id, date, status) VALUES (134, 22, 42, '2018-12-06 18:40:20.710032', 'returned');
INSERT INTO rocmovies.borrows (id, customer_id, movie_id, date, status) VALUES (135, 16, 34, '2019-06-27 00:10:32.578719', 'returned');
INSERT INTO rocmovies.borrows (id, customer_id, movie_id, date, status) VALUES (136, 36, 28, '2021-12-06 13:15:18.243118', 'returned');
INSERT INTO rocmovies.borrows (id, customer_id, movie_id, date, status) VALUES (137, 41, 12, '2019-08-03 02:00:58.671590', 'returned');
INSERT INTO rocmovies.borrows (id, customer_id, movie_id, date, status) VALUES (138, 26, 2, '2024-04-09 23:39:42.643937', 'returned');
INSERT INTO rocmovies.borrows (id, customer_id, movie_id, date, status) VALUES (139, 29, 38, '2021-08-27 13:46:53.407723', 'borrowed');
INSERT INTO rocmovies.borrows (id, customer_id, movie_id, date, status) VALUES (140, 14, 14, '2020-05-14 18:53:40.788870', 'returned');
INSERT INTO rocmovies.borrows (id, customer_id, movie_id, date, status) VALUES (141, 5, 37, '2018-11-13 03:10:56.838338', 'returned');
INSERT INTO rocmovies.borrows (id, customer_id, movie_id, date, status) VALUES (142, 12, 24, '2020-10-09 19:11:48.206647', 'returned');
INSERT INTO rocmovies.borrows (id, customer_id, movie_id, date, status) VALUES (143, 17, 43, '2025-05-04 02:50:34.513261', 'returned');
INSERT INTO rocmovies.borrows (id, customer_id, movie_id, date, status) VALUES (144, 41, 21, '2023-01-29 17:22:16.407517', 'returned');
INSERT INTO rocmovies.borrows (id, customer_id, movie_id, date, status) VALUES (145, 38, 8, '2020-12-16 23:08:29.369082', 'returned');
INSERT INTO rocmovies.borrows (id, customer_id, movie_id, date, status) VALUES (146, 40, 12, '2024-12-03 04:43:19.706309', 'returned');
INSERT INTO rocmovies.borrows (id, customer_id, movie_id, date, status) VALUES (147, 20, 59, '2023-03-25 03:17:11.618836', 'borrowed');
INSERT INTO rocmovies.borrows (id, customer_id, movie_id, date, status) VALUES (148, 9, 21, '2019-01-02 04:24:07.250161', 'returned');
INSERT INTO rocmovies.borrows (id, customer_id, movie_id, date, status) VALUES (149, 12, 24, '2023-11-25 10:22:35.148225', 'returned');
INSERT INTO rocmovies.borrows (id, customer_id, movie_id, date, status) VALUES (150, 27, 39, '2019-03-05 08:07:50.602727', 'returned');
INSERT INTO rocmovies.borrows (id, customer_id, movie_id, date, status) VALUES (151, 12, 32, '2023-05-29 10:26:12.563483', 'returned');
INSERT INTO rocmovies.borrows (id, customer_id, movie_id, date, status) VALUES (152, 42, 60, '2019-06-23 05:19:22.581868', 'returned');
INSERT INTO rocmovies.borrows (id, customer_id, movie_id, date, status) VALUES (153, 19, 9, '2019-08-05 07:04:52.329861', 'returned');
INSERT INTO rocmovies.borrows (id, customer_id, movie_id, date, status) VALUES (154, 40, 4, '2025-05-13 02:00:55.376479', 'late');
INSERT INTO rocmovies.borrows (id, customer_id, movie_id, date, status) VALUES (155, 32, 9, '2019-08-30 05:50:04.854815', 'returned');
INSERT INTO rocmovies.borrows (id, customer_id, movie_id, date, status) VALUES (156, 36, 33, '2023-07-23 00:24:39.519013', 'returned');
INSERT INTO rocmovies.borrows (id, customer_id, movie_id, date, status) VALUES (157, 32, 27, '2024-01-16 08:03:11.880690', 'returned');
INSERT INTO rocmovies.borrows (id, customer_id, movie_id, date, status) VALUES (158, 11, 6, '2022-10-23 15:06:56.032359', 'returned');
INSERT INTO rocmovies.borrows (id, customer_id, movie_id, date, status) VALUES (159, 15, 19, '2018-04-12 13:55:20.288204', 'returned');
INSERT INTO rocmovies.borrows (id, customer_id, movie_id, date, status) VALUES (160, 19, 11, '2024-08-22 16:12:30.479536', 'returned');
INSERT INTO rocmovies.borrows (id, customer_id, movie_id, date, status) VALUES (161, 32, 36, '2022-05-07 00:27:16.118710', 'returned');
INSERT INTO rocmovies.borrows (id, customer_id, movie_id, date, status) VALUES (162, 18, 50, '2022-08-15 08:55:54.863274', 'late');
INSERT INTO rocmovies.borrows (id, customer_id, movie_id, date, status) VALUES (163, 35, 53, '2024-06-09 06:04:21.043631', 'returned');
INSERT INTO rocmovies.borrows (id, customer_id, movie_id, date, status) VALUES (164, 29, 35, '2019-11-10 23:40:03.445807', 'borrowed');
INSERT INTO rocmovies.borrows (id, customer_id, movie_id, date, status) VALUES (165, 42, 49, '2020-02-09 01:17:44.312170', 'returned');
INSERT INTO rocmovies.borrows (id, customer_id, movie_id, date, status) VALUES (166, 3, 29, '2020-03-27 12:55:24.365509', 'returned');
INSERT INTO rocmovies.borrows (id, customer_id, movie_id, date, status) VALUES (167, 6, 29, '2025-05-12 08:44:00.123088', 'returned');
INSERT INTO rocmovies.borrows (id, customer_id, movie_id, date, status) VALUES (168, 16, 14, '2024-11-23 18:22:32.773443', 'returned');
INSERT INTO rocmovies.borrows (id, customer_id, movie_id, date, status) VALUES (169, 23, 56, '2024-01-18 05:39:22.639905', 'returned');
INSERT INTO rocmovies.borrows (id, customer_id, movie_id, date, status) VALUES (170, 11, 40, '2019-03-09 14:06:40.822974', 'returned');
INSERT INTO rocmovies.borrows (id, customer_id, movie_id, date, status) VALUES (171, 14, 52, '2018-07-04 10:02:27.597766', 'returned');
INSERT INTO rocmovies.borrows (id, customer_id, movie_id, date, status) VALUES (172, 18, 39, '2022-08-01 21:29:41.176556', 'returned');
INSERT INTO rocmovies.borrows (id, customer_id, movie_id, date, status) VALUES (173, 19, 19, '2022-11-15 10:15:37.280329', 'late');
INSERT INTO rocmovies.borrows (id, customer_id, movie_id, date, status) VALUES (174, 33, 58, '2023-10-12 12:13:41.854779', 'borrowed');
INSERT INTO rocmovies.borrows (id, customer_id, movie_id, date, status) VALUES (175, 27, 59, '2018-07-04 04:40:33.290794', 'returned');
INSERT INTO rocmovies.borrows (id, customer_id, movie_id, date, status) VALUES (176, 9, 45, '2025-05-14 19:30:56.139136', 'returned');
INSERT INTO rocmovies.borrows (id, customer_id, movie_id, date, status) VALUES (177, 21, 54, '2020-02-09 03:01:08.798462', 'returned');
INSERT INTO rocmovies.borrows (id, customer_id, movie_id, date, status) VALUES (178, 26, 32, '2019-03-18 17:05:07.605474', 'returned');
INSERT INTO rocmovies.borrows (id, customer_id, movie_id, date, status) VALUES (179, 41, 27, '2021-03-11 14:52:35.473947', 'borrowed');
INSERT INTO rocmovies.borrows (id, customer_id, movie_id, date, status) VALUES (180, 6, 26, '2022-05-21 22:55:37.786224', 'returned');
INSERT INTO rocmovies.borrows (id, customer_id, movie_id, date, status) VALUES (181, 24, 30, '2022-02-25 07:14:03.343187', 'returned');
INSERT INTO rocmovies.borrows (id, customer_id, movie_id, date, status) VALUES (182, 6, 47, '2021-11-25 08:27:14.665678', 'returned');
INSERT INTO rocmovies.borrows (id, customer_id, movie_id, date, status) VALUES (183, 23, 55, '2018-07-16 18:16:40.834328', 'returned');
INSERT INTO rocmovies.borrows (id, customer_id, movie_id, date, status) VALUES (184, 14, 28, '2025-01-06 17:05:54.222142', 'returned');
INSERT INTO rocmovies.borrows (id, customer_id, movie_id, date, status) VALUES (185, 21, 54, '2020-05-31 02:13:57.354161', 'returned');
INSERT INTO rocmovies.borrows (id, customer_id, movie_id, date, status) VALUES (186, 9, 37, '2025-04-02 09:14:03.508913', 'returned');
INSERT INTO rocmovies.borrows (id, customer_id, movie_id, date, status) VALUES (187, 44, 49, '2018-05-31 09:39:22.048174', 'borrowed');
INSERT INTO rocmovies.borrows (id, customer_id, movie_id, date, status) VALUES (188, 30, 2, '2019-01-21 23:47:42.974581', 'returned');
INSERT INTO rocmovies.borrows (id, customer_id, movie_id, date, status) VALUES (189, 29, 30, '2018-01-03 02:24:02.448580', 'returned');
INSERT INTO rocmovies.borrows (id, customer_id, movie_id, date, status) VALUES (190, 45, 59, '2019-02-14 20:09:08.924998', 'returned');
INSERT INTO rocmovies.borrows (id, customer_id, movie_id, date, status) VALUES (191, 11, 56, '2025-12-07 21:03:31.919176', 'returned');
INSERT INTO rocmovies.borrows (id, customer_id, movie_id, date, status) VALUES (192, 42, 24, '2020-02-17 22:22:40.086424', 'returned');
INSERT INTO rocmovies.borrows (id, customer_id, movie_id, date, status) VALUES (193, 42, 11, '2018-06-10 21:32:20.415594', 'returned');
INSERT INTO rocmovies.borrows (id, customer_id, movie_id, date, status) VALUES (194, 45, 49, '2019-12-29 11:01:48.450081', 'returned');
INSERT INTO rocmovies.borrows (id, customer_id, movie_id, date, status) VALUES (195, 7, 1, '2019-10-26 01:50:10.499968', 'borrowed');
INSERT INTO rocmovies.borrows (id, customer_id, movie_id, date, status) VALUES (196, 38, 15, '2022-06-02 20:34:15.713013', 'returned');
INSERT INTO rocmovies.borrows (id, customer_id, movie_id, date, status) VALUES (197, 1, 45, '2020-12-03 10:44:43.856800', 'borrowed');
INSERT INTO rocmovies.borrows (id, customer_id, movie_id, date, status) VALUES (198, 28, 45, '2019-02-15 15:41:36.500905', 'borrowed');
INSERT INTO rocmovies.borrows (id, customer_id, movie_id, date, status) VALUES (199, 25, 6, '2024-03-20 09:40:00.845106', 'borrowed');
INSERT INTO rocmovies.borrows (id, customer_id, movie_id, date, status) VALUES (200, 21, 24, '2025-06-30 03:18:02.313791', 'borrowed');
INSERT INTO rocmovies.borrows (id, customer_id, movie_id, date, status) VALUES (201, 9, 42, '2023-10-05 19:00:01.149792', 'borrowed');
INSERT INTO rocmovies.borrows (id, customer_id, movie_id, date, status) VALUES (202, 37, 1, '2023-03-12 04:42:03.681595', 'returned');
INSERT INTO rocmovies.borrows (id, customer_id, movie_id, date, status) VALUES (203, 23, 47, '2019-10-24 22:33:56.658589', 'returned');
INSERT INTO rocmovies.borrows (id, customer_id, movie_id, date, status) VALUES (204, 27, 40, '2023-11-04 02:05:03.463873', 'returned');
INSERT INTO rocmovies.borrows (id, customer_id, movie_id, date, status) VALUES (205, 6, 58, '2018-11-09 03:13:19.146814', 'returned');
INSERT INTO rocmovies.borrows (id, customer_id, movie_id, date, status) VALUES (206, 38, 47, '2021-04-08 03:29:40.368611', 'late');
INSERT INTO rocmovies.borrows (id, customer_id, movie_id, date, status) VALUES (207, 21, 51, '2019-03-11 10:29:40.259822', 'returned');
INSERT INTO rocmovies.borrows (id, customer_id, movie_id, date, status) VALUES (208, 6, 16, '2022-09-16 08:14:37.630193', 'returned');
INSERT INTO rocmovies.borrows (id, customer_id, movie_id, date, status) VALUES (209, 39, 19, '2024-08-17 04:11:12.987002', 'returned');
INSERT INTO rocmovies.borrows (id, customer_id, movie_id, date, status) VALUES (210, 43, 57, '2020-07-26 04:36:17.215425', 'returned');
INSERT INTO rocmovies.borrows (id, customer_id, movie_id, date, status) VALUES (211, 33, 13, '2024-05-12 11:15:49.410780', 'returned');
INSERT INTO rocmovies.borrows (id, customer_id, movie_id, date, status) VALUES (212, 4, 51, '2025-08-21 17:12:47.832336', 'late');
INSERT INTO rocmovies.borrows (id, customer_id, movie_id, date, status) VALUES (213, 32, 25, '2018-12-17 06:46:36.252792', 'returned');
INSERT INTO rocmovies.borrows (id, customer_id, movie_id, date, status) VALUES (214, 39, 5, '2022-06-30 07:53:47.931895', 'late');
INSERT INTO rocmovies.borrows (id, customer_id, movie_id, date, status) VALUES (215, 24, 60, '2020-09-10 05:54:41.138394', 'returned');
INSERT INTO rocmovies.borrows (id, customer_id, movie_id, date, status) VALUES (216, 37, 27, '2021-02-09 07:07:41.572896', 'returned');
INSERT INTO rocmovies.borrows (id, customer_id, movie_id, date, status) VALUES (217, 31, 50, '2018-08-15 18:39:58.017500', 'returned');
INSERT INTO rocmovies.borrows (id, customer_id, movie_id, date, status) VALUES (218, 1, 17, '2019-11-02 06:57:35.041761', 'late');
INSERT INTO rocmovies.borrows (id, customer_id, movie_id, date, status) VALUES (219, 26, 33, '2020-06-09 02:04:42.659104', 'returned');
INSERT INTO rocmovies.borrows (id, customer_id, movie_id, date, status) VALUES (220, 27, 28, '2023-12-21 10:47:38.421818', 'borrowed');
INSERT INTO rocmovies.borrows (id, customer_id, movie_id, date, status) VALUES (221, 35, 35, '2023-03-29 23:47:52.160097', 'returned');
INSERT INTO rocmovies.borrows (id, customer_id, movie_id, date, status) VALUES (222, 20, 6, '2022-05-08 13:38:28.965659', 'returned');
INSERT INTO rocmovies.borrows (id, customer_id, movie_id, date, status) VALUES (223, 10, 35, '2020-10-12 04:16:05.409711', 'returned');
INSERT INTO rocmovies.borrows (id, customer_id, movie_id, date, status) VALUES (224, 42, 44, '2023-06-22 05:04:51.069326', 'returned');
INSERT INTO rocmovies.borrows (id, customer_id, movie_id, date, status) VALUES (225, 28, 47, '2025-03-14 21:14:15.250229', 'borrowed');
INSERT INTO rocmovies.borrows (id, customer_id, movie_id, date, status) VALUES (226, 6, 60, '2021-09-11 21:26:41.121620', 'returned');
INSERT INTO rocmovies.borrows (id, customer_id, movie_id, date, status) VALUES (227, 39, 4, '2020-08-18 22:20:19.698435', 'returned');
INSERT INTO rocmovies.borrows (id, customer_id, movie_id, date, status) VALUES (228, 12, 8, '2018-02-09 08:22:07.742287', 'borrowed');
INSERT INTO rocmovies.borrows (id, customer_id, movie_id, date, status) VALUES (229, 1, 11, '2022-03-23 07:13:51.999309', 'returned');
INSERT INTO rocmovies.borrows (id, customer_id, movie_id, date, status) VALUES (230, 34, 51, '2024-12-30 10:33:26.755777', 'returned');
INSERT INTO rocmovies.borrows (id, customer_id, movie_id, date, status) VALUES (231, 24, 9, '2024-05-18 11:22:44.819067', 'returned');
INSERT INTO rocmovies.borrows (id, customer_id, movie_id, date, status) VALUES (232, 8, 50, '2025-08-27 21:12:56.030782', 'returned');
INSERT INTO rocmovies.borrows (id, customer_id, movie_id, date, status) VALUES (233, 28, 18, '2022-06-16 13:24:05.066974', 'returned');
INSERT INTO rocmovies.borrows (id, customer_id, movie_id, date, status) VALUES (234, 37, 41, '2018-08-28 10:45:29.520248', 'returned');
INSERT INTO rocmovies.borrows (id, customer_id, movie_id, date, status) VALUES (235, 24, 4, '2022-04-02 05:37:19.901104', 'returned');
INSERT INTO rocmovies.borrows (id, customer_id, movie_id, date, status) VALUES (236, 24, 11, '2020-03-03 14:50:01.810894', 'borrowed');
INSERT INTO rocmovies.borrows (id, customer_id, movie_id, date, status) VALUES (237, 37, 44, '2024-02-24 14:15:43.120936', 'returned');
INSERT INTO rocmovies.borrows (id, customer_id, movie_id, date, status) VALUES (238, 33, 1, '2018-05-17 19:42:15.900400', 'returned');
INSERT INTO rocmovies.borrows (id, customer_id, movie_id, date, status) VALUES (239, 16, 3, '2022-01-05 17:19:03.381657', 'returned');
INSERT INTO rocmovies.borrows (id, customer_id, movie_id, date, status) VALUES (240, 10, 12, '2025-12-03 00:19:38.899138', 'borrowed');
INSERT INTO rocmovies.borrows (id, customer_id, movie_id, date, status) VALUES (241, 42, 27, '2019-11-29 13:04:31.337433', 'returned');
INSERT INTO rocmovies.borrows (id, customer_id, movie_id, date, status) VALUES (242, 21, 18, '2025-01-10 06:48:01.081670', 'returned');
INSERT INTO rocmovies.borrows (id, customer_id, movie_id, date, status) VALUES (243, 8, 33, '2023-09-23 22:48:14.945753', 'borrowed');
INSERT INTO rocmovies.borrows (id, customer_id, movie_id, date, status) VALUES (244, 15, 52, '2022-05-22 10:54:22.048159', 'late');
INSERT INTO rocmovies.borrows (id, customer_id, movie_id, date, status) VALUES (245, 5, 57, '2021-12-15 23:56:06.908100', 'returned');
INSERT INTO rocmovies.borrows (id, customer_id, movie_id, date, status) VALUES (246, 20, 21, '2018-09-26 09:22:16.579958', 'returned');
INSERT INTO rocmovies.borrows (id, customer_id, movie_id, date, status) VALUES (247, 24, 13, '2020-06-24 22:54:21.591194', 'returned');
INSERT INTO rocmovies.borrows (id, customer_id, movie_id, date, status) VALUES (248, 40, 16, '2021-12-12 08:52:52.386162', 'returned');
INSERT INTO rocmovies.borrows (id, customer_id, movie_id, date, status) VALUES (249, 32, 50, '2024-08-07 14:15:01.204915', 'returned');
INSERT INTO rocmovies.borrows (id, customer_id, movie_id, date, status) VALUES (250, 35, 49, '2024-10-09 00:05:20.257034', 'returned');
